
===== CLEAN RUN 1 (host) =====
$ docker build -f Dockerfile.ingestion -t foss-mcp-verify:local .
--- stdout ---

--- stderr ---
#0 building with "desktop-linux" instance using docker driver

#1 [internal] load build definition from Dockerfile.ingestion
#1 transferring dockerfile: 12.01kB 0.0s done
#1 DONE 0.0s

#2 [internal] load metadata for docker.io/library/python:3.13-slim@sha256:b92e6b9bb1ea9d826e9956fd8d30bf18bc384c130231d74fdf0ba3460c290b0b
#2 DONE 0.0s

#3 [internal] load .dockerignore
#3 transferring context: 1.09kB done
#3 DONE 0.0s

#4 [ 1/28] FROM docker.io/library/python:3.13-slim@sha256:b92e6b9bb1ea9d826e9956fd8d30bf18bc384c130231d74fdf0ba3460c290b0b
#4 resolve docker.io/library/python:3.13-slim@sha256:b92e6b9bb1ea9d826e9956fd8d30bf18bc384c130231d74fdf0ba3460c290b0b 0.0s done
#4 CACHED

#5 [ 2/28] WORKDIR /app
#5 DONE 0.0s

#6 [internal] load build context
#6 transferring context: 8.03MB 0.6s done
#6 DONE 0.6s

#7 [ 3/28] RUN apt-get update     && apt-get install -y --no-install-recommends git curl ca-certificates     && rm -rf /var/lib/apt/lists/*     && curl -fsSL https://dot.net/v1/dotnet-install.sh -o /tmp/dotnet-install.sh     && chmod +x /tmp/dotnet-install.sh     && /tmp/dotnet-install.sh --channel 8.0 --install-dir /usr/share/dotnet     && rm /tmp/dotnet-install.sh
#7 0.783 Hit:1 http://deb.debian.org/debian trixie InRelease
#7 0.982 Get:2 http://deb.debian.org/debian trixie-updates InRelease [47.3 kB]
#7 1.390 Get:3 http://deb.debian.org/debian-security trixie-security InRelease [43.4 kB]
#7 1.656 Get:4 http://deb.debian.org/debian trixie/main amd64 Packages [9678 kB]
#7 3.909 Get:5 http://deb.debian.org/debian trixie-updates/main amd64 Packages [4412 B]
#7 4.113 Get:6 http://deb.debian.org/debian-security trixie-security/main amd64 Packages [264 kB]
#7 4.411 Fetched 10.0 MB in 4s (2400 kB/s)
#7 4.411 Reading package lists...
#7 4.789 Reading package lists...
#7 5.208 Building dependency tree...
#7 5.299 Reading state information...
#7 5.406 ca-certificates is already the newest version (20250419).
#7 5.406 The following additional packages will be installed:
#7 5.406   git-man libbrotli1 libcom-err2 libcurl3t64-gnutls libcurl4t64 liberror-perl
#7 5.406   libexpat1 libgdbm-compat4t64 libgnutls30t64 libgssapi-krb5-2 libidn2-0
#7 5.406   libk5crypto3 libkeyutils1 libkrb5-3 libkrb5support0 libldap2 libnghttp2-14
#7 5.406   libnghttp3-9 libngtcp2-16 libngtcp2-crypto-gnutls8 libp11-kit0 libperl5.40
#7 5.406   libpsl5t64 librtmp1 libsasl2-2 libsasl2-modules-db libssh2-1t64 libtasn1-6
#7 5.406   libunistring5 perl perl-modules-5.40
#7 5.407 Suggested packages:
#7 5.407   gettext-base git-doc git-email git-gui gitk gitweb git-cvs git-mediawiki
#7 5.407   git-svn gnutls-bin krb5-doc krb5-user sensible-utils perl-doc
#7 5.407   libterm-readline-gnu-perl | libterm-readline-perl-perl make
#7 5.407   libtap-harness-archive-perl
#7 5.407 Recommended packages:
#7 5.407   bash-completion patch less ssh-client krb5-locales libldap-common
#7 5.407   publicsuffix libsasl2-modules
#7 5.537 The following NEW packages will be installed:
#7 5.537   curl git git-man libbrotli1 libcom-err2 libcurl3t64-gnutls libcurl4t64
#7 5.537   liberror-perl libexpat1 libgdbm-compat4t64 libgnutls30t64 libgssapi-krb5-2
#7 5.537   libidn2-0 libk5crypto3 libkeyutils1 libkrb5-3 libkrb5support0 libldap2
#7 5.537   libnghttp2-14 libnghttp3-9 libngtcp2-16 libngtcp2-crypto-gnutls8 libp11-kit0
#7 5.538   libperl5.40 libpsl5t64 librtmp1 libsasl2-2 libsasl2-modules-db libssh2-1t64
#7 5.538   libtasn1-6 libunistring5 perl perl-modules-5.40
#7 6.020 0 upgraded, 33 newly installed, 0 to remove and 1 not upgraded.
#7 6.020 Need to get 24.3 MB of archives.
#7 6.020 After this operation, 121 MB of additional disk space will be used.
#7 6.020 Get:1 http://deb.debian.org/debian trixie/main amd64 libexpat1 amd64 2.8.3-1~deb13u1 [123 kB]
#7 6.759 Get:2 http://deb.debian.org/debian trixie/main amd64 perl-modules-5.40 all 5.40.1-6+deb13u1 [3014 kB]
#7 12.26 Get:3 http://deb.debian.org/debian trixie/main amd64 libgdbm-compat4t64 amd64 1.24-2 [50.3 kB]
#7 12.33 Get:4 http://deb.debian.org/debian trixie/main amd64 libperl5.40 amd64 5.40.1-6+deb13u1 [4326 kB]
#7 17.66 Get:5 http://deb.debian.org/debian trixie/main amd64 perl amd64 5.40.1-6+deb13u1 [268 kB]
#7 17.86 Get:6 http://deb.debian.org/debian trixie/main amd64 libbrotli1 amd64 1.1.0-2+b7 [307 kB]
#7 18.08 Get:7 http://deb.debian.org/debian trixie/main amd64 libkrb5support0 amd64 1.21.3-5+deb13u1 [33.1 kB]
#7 18.10 Get:8 http://deb.debian.org/debian trixie/main amd64 libcom-err2 amd64 1.47.2-3+b12 [25.0 kB]
#7 18.11 Get:9 http://deb.debian.org/debian trixie/main amd64 libk5crypto3 amd64 1.21.3-5+deb13u1 [81.2 kB]
#7 18.16 Get:10 http://deb.debian.org/debian trixie/main amd64 libkeyutils1 amd64 1.6.3-6 [9456 B]
#7 18.38 Get:11 http://deb.debian.org/debian trixie/main amd64 libkrb5-3 amd64 1.21.3-5+deb13u1 [326 kB]
#7 18.48 Get:12 http://deb.debian.org/debian trixie/main amd64 libgssapi-krb5-2 amd64 1.21.3-5+deb13u1 [138 kB]
#7 18.67 Get:13 http://deb.debian.org/debian trixie/main amd64 libunistring5 amd64 1.3-2 [477 kB]
#7 18.96 Get:14 http://deb.debian.org/debian trixie/main amd64 libidn2-0 amd64 2.3.8-2 [109 kB]
#7 19.06 Get:15 http://deb.debian.org/debian trixie/main amd64 libsasl2-modules-db amd64 2.1.28+dfsg1-9 [19.8 kB]
#7 19.07 Get:16 http://deb.debian.org/debian trixie/main amd64 libsasl2-2 amd64 2.1.28+dfsg1-9 [57.5 kB]
#7 19.10 Get:17 http://deb.debian.org/debian trixie/main amd64 libldap2 amd64 2.6.10+dfsg-1 [194 kB]
#7 19.21 Get:18 http://deb.debian.org/debian trixie/main amd64 libnghttp2-14 amd64 1.64.0-1.1+deb13u1 [76.2 kB]
#7 19.28 Get:19 http://deb.debian.org/debian trixie/main amd64 libnghttp3-9 amd64 1.8.0-1 [67.7 kB]
#7 19.32 Get:20 http://deb.debian.org/debian trixie/main amd64 libpsl5t64 amd64 0.21.2-1.1+b1 [57.2 kB]
#7 19.57 Get:21 http://deb.debian.org/debian trixie/main amd64 libp11-kit0 amd64 0.25.5-3 [425 kB]
#7 19.84 Get:22 http://deb.debian.org/debian trixie/main amd64 libtasn1-6 amd64 4.20.0-2+deb13u1 [50.1 kB]
#7 19.86 Get:23 http://deb.debian.org/debian trixie/main amd64 libgnutls30t64 amd64 3.8.9-3+deb13u4 [1469 kB]
#7 20.80 Get:24 http://deb.debian.org/debian trixie/main amd64 librtmp1 amd64 2.4+20151223.gitfa8646d.1-2+b5 [58.8 kB]
#7 20.83 Get:25 http://deb.debian.org/debian trixie/main amd64 libssh2-1t64 amd64 1.11.1-1+deb13u2 [245 kB]
#7 21.00 Get:26 http://deb.debian.org/debian trixie/main amd64 libcurl4t64 amd64 8.14.1-2+deb13u5 [391 kB]
#7 21.24 Get:27 http://deb.debian.org/debian trixie/main amd64 curl amd64 8.14.1-2+deb13u5 [270 kB]
#7 21.71 Get:28 http://deb.debian.org/debian trixie/main amd64 libngtcp2-16 amd64 1.11.0-1+deb13u1 [132 kB]
#7 21.74 Get:29 http://deb.debian.org/debian trixie/main amd64 libngtcp2-crypto-gnutls8 amd64 1.11.0-1+deb13u1 [29.5 kB]
#7 21.75 Get:30 http://deb.debian.org/debian trixie/main amd64 libcurl3t64-gnutls amd64 8.14.1-2+deb13u5 [384 kB]
#7 22.03 Get:31 http://deb.debian.org/debian trixie/main amd64 liberror-perl all 0.17030-1 [26.9 kB]
#7 22.05 Get:32 http://deb.debian.org/debian trixie/main amd64 git-man all 1:2.47.3-0+deb13u1 [2205 kB]
#7 23.75 Get:33 http://deb.debian.org/debian trixie/main amd64 git amd64 1:2.47.3-0+deb13u1 [8862 kB]
#7 29.80 debconf: unable to initialize frontend: Dialog
#7 29.80 debconf: (TERM is not set, so the dialog frontend is not usable.)
#7 29.80 debconf: falling back to frontend: Readline
#7 29.80 debconf: unable to initialize frontend: Readline
#7 29.80 debconf: (Can't locate Term/ReadLine.pm in @INC (you may need to install the Term::ReadLine module) (@INC entries checked: /etc/perl /usr/local/lib/x86_64-linux-gnu/perl/5.40.1 /usr/local/share/perl/5.40.1 /usr/lib/x86_64-linux-gnu/perl5/5.40 /usr/share/perl5 /usr/lib/x86_64-linux-gnu/perl-base /usr/lib/x86_64-linux-gnu/perl/5.40 /usr/share/perl/5.40 /usr/local/lib/site_perl) at /usr/share/perl5/Debconf/FrontEnd/Readline.pm line 8, <STDIN> line 33.)
#7 29.80 debconf: falling back to frontend: Teletype
#7 29.80 debconf: unable to initialize frontend: Teletype
#7 29.80 debconf: (This frontend requires a controlling tty.)
#7 29.80 debconf: falling back to frontend: Noninteractive
#7 30.66 Fetched 24.3 MB in 24s (1009 kB/s)
#7 30.69 Selecting previously unselected package libexpat1:amd64.
#7 30.69 (Reading database ... 
(Reading database ... 5%
(Reading database ... 10%
(Reading database ... 15%
(Reading database ... 20%
(Reading database ... 25%
(Reading database ... 30%
(Reading database ... 35%
(Reading database ... 40%
(Reading database ... 45%
(Reading database ... 50%
(Reading database ... 55%
(Reading database ... 60%
(Reading database ... 65%
(Reading database ... 70%
(Reading database ... 75%
(Reading database ... 80%
(Reading database ... 85%
(Reading database ... 90%
(Reading database ... 95%
(Reading database ... 100%
(Reading database ... 5660 files and directories currently installed.)
#7 30.71 Preparing to unpack .../00-libexpat1_2.8.3-1~deb13u1_amd64.deb ...
#7 30.72 Unpacking libexpat1:amd64 (2.8.3-1~deb13u1) ...
#7 30.76 Selecting previously unselected package perl-modules-5.40.
#7 30.76 Preparing to unpack .../01-perl-modules-5.40_5.40.1-6+deb13u1_all.deb ...
#7 30.76 Unpacking perl-modules-5.40 (5.40.1-6+deb13u1) ...
#7 30.98 Selecting previously unselected package libgdbm-compat4t64:amd64.
#7 30.98 Preparing to unpack .../02-libgdbm-compat4t64_1.24-2_amd64.deb ...
#7 30.99 Unpacking libgdbm-compat4t64:amd64 (1.24-2) ...
#7 31.04 Selecting previously unselected package libperl5.40:amd64.
#7 31.04 Preparing to unpack .../03-libperl5.40_5.40.1-6+deb13u1_amd64.deb ...
#7 31.04 Unpacking libperl5.40:amd64 (5.40.1-6+deb13u1) ...
#7 31.24 Selecting previously unselected package perl.
#7 31.24 Preparing to unpack .../04-perl_5.40.1-6+deb13u1_amd64.deb ...
#7 31.25 Unpacking perl (5.40.1-6+deb13u1) ...
#7 31.30 Selecting previously unselected package libbrotli1:amd64.
#7 31.30 Preparing to unpack .../05-libbrotli1_1.1.0-2+b7_amd64.deb ...
#7 31.30 Unpacking libbrotli1:amd64 (1.1.0-2+b7) ...
#7 31.35 Selecting previously unselected package libkrb5support0:amd64.
#7 31.35 Preparing to unpack .../06-libkrb5support0_1.21.3-5+deb13u1_amd64.deb ...
#7 31.35 Unpacking libkrb5support0:amd64 (1.21.3-5+deb13u1) ...
#7 31.39 Selecting previously unselected package libcom-err2:amd64.
#7 31.39 Preparing to unpack .../07-libcom-err2_1.47.2-3+b12_amd64.deb ...
#7 31.40 Unpacking libcom-err2:amd64 (1.47.2-3+b12) ...
#7 31.43 Selecting previously unselected package libk5crypto3:amd64.
#7 31.43 Preparing to unpack .../08-libk5crypto3_1.21.3-5+deb13u1_amd64.deb ...
#7 31.44 Unpacking libk5crypto3:amd64 (1.21.3-5+deb13u1) ...
#7 31.49 Selecting previously unselected package libkeyutils1:amd64.
#7 31.49 Preparing to unpack .../09-libkeyutils1_1.6.3-6_amd64.deb ...
#7 31.49 Unpacking libkeyutils1:amd64 (1.6.3-6) ...
#7 31.56 Selecting previously unselected package libkrb5-3:amd64.
#7 31.56 Preparing to unpack .../10-libkrb5-3_1.21.3-5+deb13u1_amd64.deb ...
#7 31.56 Unpacking libkrb5-3:amd64 (1.21.3-5+deb13u1) ...
#7 31.62 Selecting previously unselected package libgssapi-krb5-2:amd64.
#7 31.62 Preparing to unpack .../11-libgssapi-krb5-2_1.21.3-5+deb13u1_amd64.deb ...
#7 31.63 Unpacking libgssapi-krb5-2:amd64 (1.21.3-5+deb13u1) ...
#7 31.72 Selecting previously unselected package libunistring5:amd64.
#7 31.72 Preparing to unpack .../12-libunistring5_1.3-2_amd64.deb ...
#7 31.73 Unpacking libunistring5:amd64 (1.3-2) ...
#7 31.80 Selecting previously unselected package libidn2-0:amd64.
#7 31.81 Preparing to unpack .../13-libidn2-0_2.3.8-2_amd64.deb ...
#7 31.81 Unpacking libidn2-0:amd64 (2.3.8-2) ...
#7 31.88 Selecting previously unselected package libsasl2-modules-db:amd64.
#7 31.88 Preparing to unpack .../14-libsasl2-modules-db_2.1.28+dfsg1-9_amd64.deb ...
#7 31.89 Unpacking libsasl2-modules-db:amd64 (2.1.28+dfsg1-9) ...
#7 31.93 Selecting previously unselected package libsasl2-2:amd64.
#7 31.93 Preparing to unpack .../15-libsasl2-2_2.1.28+dfsg1-9_amd64.deb ...
#7 31.93 Unpacking libsasl2-2:amd64 (2.1.28+dfsg1-9) ...
#7 31.98 Selecting previously unselected package libldap2:amd64.
#7 31.98 Preparing to unpack .../16-libldap2_2.6.10+dfsg-1_amd64.deb ...
#7 31.99 Unpacking libldap2:amd64 (2.6.10+dfsg-1) ...
#7 32.06 Selecting previously unselected package libnghttp2-14:amd64.
#7 32.06 Preparing to unpack .../17-libnghttp2-14_1.64.0-1.1+deb13u1_amd64.deb ...
#7 32.07 Unpacking libnghttp2-14:amd64 (1.64.0-1.1+deb13u1) ...
#7 32.12 Selecting previously unselected package libnghttp3-9:amd64.
#7 32.12 Preparing to unpack .../18-libnghttp3-9_1.8.0-1_amd64.deb ...
#7 32.12 Unpacking libnghttp3-9:amd64 (1.8.0-1) ...
#7 32.17 Selecting previously unselected package libpsl5t64:amd64.
#7 32.17 Preparing to unpack .../19-libpsl5t64_0.21.2-1.1+b1_amd64.deb ...
#7 32.18 Unpacking libpsl5t64:amd64 (0.21.2-1.1+b1) ...
#7 32.23 Selecting previously unselected package libp11-kit0:amd64.
#7 32.23 Preparing to unpack .../20-libp11-kit0_0.25.5-3_amd64.deb ...
#7 32.23 Unpacking libp11-kit0:amd64 (0.25.5-3) ...
#7 32.31 Selecting previously unselected package libtasn1-6:amd64.
#7 32.31 Preparing to unpack .../21-libtasn1-6_4.20.0-2+deb13u1_amd64.deb ...
#7 32.32 Unpacking libtasn1-6:amd64 (4.20.0-2+deb13u1) ...
#7 32.39 Selecting previously unselected package libgnutls30t64:amd64.
#7 32.39 Preparing to unpack .../22-libgnutls30t64_3.8.9-3+deb13u4_amd64.deb ...
#7 32.40 Unpacking libgnutls30t64:amd64 (3.8.9-3+deb13u4) ...
#7 32.49 Selecting previously unselected package librtmp1:amd64.
#7 32.49 Preparing to unpack .../23-librtmp1_2.4+20151223.gitfa8646d.1-2+b5_amd64.deb ...
#7 32.49 Unpacking librtmp1:amd64 (2.4+20151223.gitfa8646d.1-2+b5) ...
#7 32.56 Selecting previously unselected package libssh2-1t64:amd64.
#7 32.56 Preparing to unpack .../24-libssh2-1t64_1.11.1-1+deb13u2_amd64.deb ...
#7 32.57 Unpacking libssh2-1t64:amd64 (1.11.1-1+deb13u2) ...
#7 32.63 Selecting previously unselected package libcurl4t64:amd64.
#7 32.63 Preparing to unpack .../25-libcurl4t64_8.14.1-2+deb13u5_amd64.deb ...
#7 32.65 Unpacking libcurl4t64:amd64 (8.14.1-2+deb13u5) ...
#7 32.71 Selecting previously unselected package curl.
#7 32.71 Preparing to unpack .../26-curl_8.14.1-2+deb13u5_amd64.deb ...
#7 32.73 Unpacking curl (8.14.1-2+deb13u5) ...
#7 32.79 Selecting previously unselected package libngtcp2-16:amd64.
#7 32.79 Preparing to unpack .../27-libngtcp2-16_1.11.0-1+deb13u1_amd64.deb ...
#7 32.80 Unpacking libngtcp2-16:amd64 (1.11.0-1+deb13u1) ...
#7 32.86 Selecting previously unselected package libngtcp2-crypto-gnutls8:amd64.
#7 32.86 Preparing to unpack .../28-libngtcp2-crypto-gnutls8_1.11.0-1+deb13u1_amd64.deb ...
#7 32.87 Unpacking libngtcp2-crypto-gnutls8:amd64 (1.11.0-1+deb13u1) ...
#7 32.96 Selecting previously unselected package libcurl3t64-gnutls:amd64.
#7 32.96 Preparing to unpack .../29-libcurl3t64-gnutls_8.14.1-2+deb13u5_amd64.deb ...
#7 32.97 Unpacking libcurl3t64-gnutls:amd64 (8.14.1-2+deb13u5) ...
#7 33.05 Selecting previously unselected package liberror-perl.
#7 33.05 Preparing to unpack .../30-liberror-perl_0.17030-1_all.deb ...
#7 33.05 Unpacking liberror-perl (0.17030-1) ...
#7 33.11 Selecting previously unselected package git-man.
#7 33.11 Preparing to unpack .../31-git-man_1%3a2.47.3-0+deb13u1_all.deb ...
#7 33.12 Unpacking git-man (1:2.47.3-0+deb13u1) ...
#7 33.23 Selecting previously unselected package git.
#7 33.23 Preparing to unpack .../32-git_1%3a2.47.3-0+deb13u1_amd64.deb ...
#7 33.24 Unpacking git (1:2.47.3-0+deb13u1) ...
#7 33.47 Setting up libexpat1:amd64 (2.8.3-1~deb13u1) ...
#7 33.48 Setting up libkeyutils1:amd64 (1.6.3-6) ...
#7 33.50 Setting up libgdbm-compat4t64:amd64 (1.24-2) ...
#7 33.52 Setting up libbrotli1:amd64 (1.1.0-2+b7) ...
#7 33.55 Setting up libnghttp2-14:amd64 (1.64.0-1.1+deb13u1) ...
#7 33.57 Setting up libcom-err2:amd64 (1.47.2-3+b12) ...
#7 33.59 Setting up libkrb5support0:amd64 (1.21.3-5+deb13u1) ...
#7 33.62 Setting up libsasl2-modules-db:amd64 (2.1.28+dfsg1-9) ...
#7 33.65 Setting up libp11-kit0:amd64 (0.25.5-3) ...
#7 33.67 Setting up libunistring5:amd64 (1.3-2) ...
#7 33.69 Setting up libk5crypto3:amd64 (1.21.3-5+deb13u1) ...
#7 33.72 Setting up libsasl2-2:amd64 (2.1.28+dfsg1-9) ...
#7 33.74 Setting up libnghttp3-9:amd64 (1.8.0-1) ...
#7 33.76 Setting up perl-modules-5.40 (5.40.1-6+deb13u1) ...
#7 33.80 Setting up libtasn1-6:amd64 (4.20.0-2+deb13u1) ...
#7 33.82 Setting up git-man (1:2.47.3-0+deb13u1) ...
#7 33.85 Setting up libngtcp2-16:amd64 (1.11.0-1+deb13u1) ...
#7 33.87 Setting up libkrb5-3:amd64 (1.21.3-5+deb13u1) ...
#7 33.88 Setting up libssh2-1t64:amd64 (1.11.1-1+deb13u2) ...
#7 33.89 Setting up libldap2:amd64 (2.6.10+dfsg-1) ...
#7 33.91 Setting up libidn2-0:amd64 (2.3.8-2) ...
#7 33.93 Setting up libperl5.40:amd64 (5.40.1-6+deb13u1) ...
#7 33.94 Setting up perl (5.40.1-6+deb13u1) ...
#7 33.96 Setting up libgssapi-krb5-2:amd64 (1.21.3-5+deb13u1) ...
#7 33.98 Setting up libgnutls30t64:amd64 (3.8.9-3+deb13u4) ...
#7 33.99 Setting up libpsl5t64:amd64 (0.21.2-1.1+b1) ...
#7 34.01 Setting up liberror-perl (0.17030-1) ...
#7 34.02 Setting up librtmp1:amd64 (2.4+20151223.gitfa8646d.1-2+b5) ...
#7 34.04 Setting up libngtcp2-crypto-gnutls8:amd64 (1.11.0-1+deb13u1) ...
#7 34.06 Setting up libcurl4t64:amd64 (8.14.1-2+deb13u5) ...
#7 34.07 Setting up libcurl3t64-gnutls:amd64 (8.14.1-2+deb13u5) ...
#7 34.09 Setting up git (1:2.47.3-0+deb13u1) ...
#7 34.11 Setting up curl (8.14.1-2+deb13u5) ...
#7 34.13 Processing triggers for libc-bin (2.41-12+deb13u4) ...
#7 38.63 dotnet-install: Attempting to download using aka.ms link https://builds.dotnet.microsoft.com/dotnet/Sdk/8.0.425/dotnet-sdk-8.0.425-linux-x64.tar.gz
#7 83.10 dotnet-install: Remote file https://builds.dotnet.microsoft.com/dotnet/Sdk/8.0.425/dotnet-sdk-8.0.425-linux-x64.tar.gz size is 216833108 bytes.
#7 83.10 dotnet-install: Extracting archive from https://builds.dotnet.microsoft.com/dotnet/Sdk/8.0.425/dotnet-sdk-8.0.425-linux-x64.tar.gz
#7 86.50 dotnet-install: Downloaded file size is 216833108 bytes.
#7 86.50 dotnet-install: The remote and local file sizes are equal.
#7 86.60 dotnet-install: Installed version is 8.0.425
#7 86.60 dotnet-install: Adding to current process PATH: `/usr/share/dotnet`. Note: This change will be visible only when sourcing script.
#7 86.60 dotnet-install: Note that the script does not resolve dependencies during installation.
#7 86.60 dotnet-install: To check the list of dependencies, go to https://learn.microsoft.com/dotnet/core/install, select your operating system and check the "Dependencies" section.
#7 86.60 dotnet-install: Installation finished successfully.
#7 DONE 86.9s

#8 [ 4/28] RUN curl -fsSL "https://nodejs.org/dist/v24.13.1/node-v24.13.1-linux-x64.tar.gz" -o /tmp/node.tar.gz     && echo "7ad28fb172a9ab0593f86c1a39e5c268d0d8fc3d6cb0167f455b5655a7a6e2fd  /tmp/node.tar.gz" | sha256sum -c -     && tar -xzf /tmp/node.tar.gz -C /usr/local --strip-components=1     && rm /tmp/node.tar.gz
#8 10.02 /tmp/node.tar.gz: OK
#8 DONE 11.1s

#9 [ 5/28] RUN apt-get update     && apt-get install -y --no-install-recommends openjdk-21-jdk maven     && rm -rf /var/lib/apt/lists/*
#9 0.641 Get:1 http://deb.debian.org/debian trixie InRelease [140 kB]
#9 1.371 Get:2 http://deb.debian.org/debian trixie-updates InRelease [47.3 kB]
#9 1.713 Get:3 http://deb.debian.org/debian-security trixie-security InRelease [43.4 kB]
#9 2.050 Get:4 http://deb.debian.org/debian trixie/main amd64 Packages [9678 kB]
#9 15.13 Get:5 http://deb.debian.org/debian trixie-updates/main amd64 Packages [4412 B]
#9 15.40 Get:6 http://deb.debian.org/debian-security trixie-security/main amd64 Packages [264 kB]
#9 15.88 Fetched 10.2 MB in 16s (649 kB/s)
#9 15.88 Reading package lists...
#9 16.52 Reading package lists...
#9 16.94 Building dependency tree...
#9 17.04 Reading state information...
#9 17.18 The following additional packages will be installed:
#9 17.18   adwaita-icon-theme at-spi2-common ca-certificates-java dbus dbus-bin
#9 17.18   dbus-daemon dbus-session-bus-common dbus-system-bus-common dbus-user-session
#9 17.18   dconf-gsettings-backend dconf-service fontconfig fontconfig-config
#9 17.18   fonts-dejavu-core fonts-dejavu-mono gtk-update-icon-cache hicolor-icon-theme
#9 17.18   java-common libaopalliance-java libapache-pom-java libapparmor1
#9 17.18   libasound2-data libasound2t64 libatinject-jsr330-api-java
#9 17.18   libatk-bridge2.0-0t64 libatk1.0-0t64 libatomic1 libatspi2.0-0t64
#9 17.18   libavahi-client3 libavahi-common-data libavahi-common3 libcairo-gobject2
#9 17.18   libcairo2 libcdi-api-java libcloudproviders0 libcolord2 libcommons-cli-java
#9 17.18   libcommons-codec-java libcommons-io-java libcommons-lang3-java
#9 17.18   libcommons-logging-java libcommons-parent-java libcups2t64 libdatrie1
#9 17.18   libdbus-1-3 libdconf1 libdeflate0 libdrm-amdgpu1 libdrm-common libdrm-intel1
#9 17.18   libdrm2 libedit2 libelf1t64 libepoxy0 liberror-prone-java libfontconfig1
#9 17.18   libfreetype6 libfribidi0 libgbm1 libgdk-pixbuf-2.0-0 libgdk-pixbuf2.0-common
#9 17.18   libgeronimo-annotation-1.3-spec-java libgeronimo-interceptor-3.0-spec-java
#9 17.18   libgif7 libgl1 libgl1-mesa-dri libglib2.0-0t64 libglvnd0 libglx-mesa0
#9 17.18   libglx0 libgraphite2-3 libgtk-3-0t64 libgtk-3-common libguava-java
#9 17.18   libguice-java libharfbuzz0b libhttpclient-java libhttpcore-java
#9 17.18   libjansi-java libjbig0 libjpeg62-turbo libjsoup-java libjsr305-java
#9 17.18   liblcms2-2 liblerc4 libllvm19 libmaven-parent-java libmaven-resolver-java
#9 17.18   libmaven-shared-utils-java libmaven3-core-java libnspr4 libnss3
#9 17.18   libpam-systemd libpango-1.0-0 libpangocairo-1.0-0 libpangoft2-1.0-0
#9 17.18   libpciaccess0 libpcsclite1 libpixman-1-0 libplexus-cipher-java
#9 17.18   libplexus-classworlds-java libplexus-component-annotations-java
#9 17.18   libplexus-interpolation-java libplexus-sec-dispatcher-java
#9 17.19   libplexus-utils2-java libpng16-16t64 libproc2-0 libsensors-config
#9 17.19   libsensors5 libsharpyuv0 libsisu-inject-java libsisu-plexus-java
#9 17.19   libslf4j-java libsystemd-shared libthai-data libthai0 libtiff6 libvulkan1
#9 17.19   libwagon-file-java libwagon-http-java libwagon-provider-api-java
#9 17.19   libwayland-client0 libwayland-cursor0 libwayland-egl1 libwayland-server0
#9 17.19   libwebp7 libx11-6 libx11-data libx11-xcb1 libxau6 libxcb-dri3-0 libxcb-glx0
#9 17.19   libxcb-present0 libxcb-randr0 libxcb-render0 libxcb-shm0 libxcb-sync1
#9 17.19   libxcb-xfixes0 libxcb1 libxcomposite1 libxcursor1 libxdamage1 libxdmcp6
#9 17.19   libxext6 libxfixes3 libxi6 libxinerama1 libxkbcommon0 libxml2 libxrandr2
#9 17.19   libxrender1 libxshmfence1 libxtst6 libxxf86vm1 libz3-4 mesa-libgallium
#9 17.19   openjdk-21-jdk-headless openjdk-21-jre openjdk-21-jre-headless procps
#9 17.19   shared-mime-info systemd systemd-sysv x11-common xkb-data
#9 17.19 Suggested packages:
#9 17.19   adwaita-icon-theme-legacy default-jre alsa-utils libasound2-plugins
#9 17.19   libatinject-jsr330-api-java-doc libel-api-java colord
#9 17.19   libavalon-framework-java libexcalibur-logkit-java liblog4j1.2-java
#9 17.19   cups-common low-memory-monitor gvfs libasm-java libjsoup-java-doc
#9 17.19   libjsr305-java-doc liblcms2-utils liblogback-java libcryptsetup12
#9 17.19   libtss2-rc0t64 pciutils pcscd libplexus-utils2-java-doc lm-sensors junit4
#9 17.19   testng libarchive13t64 libbpf1 libdw1t64 libfido2-1 libgcrypt20 libip4tc2
#9 17.19   libpwquality1 libqrencode4 openjdk-21-demo openjdk-21-source visualvm
#9 17.19   libnss-mdns fonts-dejavu-extra fonts-ipafont-gothic fonts-ipafont-mincho
#9 17.19   fonts-wqy-microhei | fonts-wqy-zenhei fonts-indic systemd-container
#9 17.19   systemd-homed systemd-userdbd systemd-boot systemd-resolved systemd-repart
#9 17.19   libtss2-tcti-device0 polkitd
#9 17.19 Recommended packages:
#9 17.19   librsvg2-common alsa-ucm-conf alsa-topology-conf at-spi2-core
#9 17.19   libgdk-pixbuf2.0-bin libglib2.0-data xdg-user-dirs libgtk-3-bin libkmod2
#9 17.19   mesa-vulkan-drivers | vulkan-icd libxt-dev libatk-wrapper-java-jni
#9 17.19   fonts-dejavu-extra psmisc linux-sysctl-defaults systemd-timesyncd
#9 17.19   | time-daemon systemd-cryptsetup libnss-systemd
#9 17.67 The following NEW packages will be installed:
#9 17.67   adwaita-icon-theme at-spi2-common ca-certificates-java dbus dbus-bin
#9 17.67   dbus-daemon dbus-session-bus-common dbus-system-bus-common dbus-user-session
#9 17.67   dconf-gsettings-backend dconf-service fontconfig fontconfig-config
#9 17.67   fonts-dejavu-core fonts-dejavu-mono gtk-update-icon-cache hicolor-icon-theme
#9 17.67   java-common libaopalliance-java libapache-pom-java libapparmor1
#9 17.67   libasound2-data libasound2t64 libatinject-jsr330-api-java
#9 17.67   libatk-bridge2.0-0t64 libatk1.0-0t64 libatomic1 libatspi2.0-0t64
#9 17.67   libavahi-client3 libavahi-common-data libavahi-common3 libcairo-gobject2
#9 17.67   libcairo2 libcdi-api-java libcloudproviders0 libcolord2 libcommons-cli-java
#9 17.67   libcommons-codec-java libcommons-io-java libcommons-lang3-java
#9 17.67   libcommons-logging-java libcommons-parent-java libcups2t64 libdatrie1
#9 17.67   libdbus-1-3 libdconf1 libdeflate0 libdrm-amdgpu1 libdrm-common libdrm-intel1
#9 17.67   libdrm2 libedit2 libelf1t64 libepoxy0 liberror-prone-java libfontconfig1
#9 17.67   libfreetype6 libfribidi0 libgbm1 libgdk-pixbuf-2.0-0 libgdk-pixbuf2.0-common
#9 17.67   libgeronimo-annotation-1.3-spec-java libgeronimo-interceptor-3.0-spec-java
#9 17.67   libgif7 libgl1 libgl1-mesa-dri libglib2.0-0t64 libglvnd0 libglx-mesa0
#9 17.67   libglx0 libgraphite2-3 libgtk-3-0t64 libgtk-3-common libguava-java
#9 17.67   libguice-java libharfbuzz0b libhttpclient-java libhttpcore-java
#9 17.67   libjansi-java libjbig0 libjpeg62-turbo libjsoup-java libjsr305-java
#9 17.67   liblcms2-2 liblerc4 libllvm19 libmaven-parent-java libmaven-resolver-java
#9 17.67   libmaven-shared-utils-java libmaven3-core-java libnspr4 libnss3
#9 17.67   libpam-systemd libpango-1.0-0 libpangocairo-1.0-0 libpangoft2-1.0-0
#9 17.67   libpciaccess0 libpcsclite1 libpixman-1-0 libplexus-cipher-java
#9 17.67   libplexus-classworlds-java libplexus-component-annotations-java
#9 17.67   libplexus-interpolation-java libplexus-sec-dispatcher-java
#9 17.67   libplexus-utils2-java libpng16-16t64 libproc2-0 libsensors-config
#9 17.67   libsensors5 libsharpyuv0 libsisu-inject-java libsisu-plexus-java
#9 17.67   libslf4j-java libsystemd-shared libthai-data libthai0 libtiff6 libvulkan1
#9 17.67   libwagon-file-java libwagon-http-java libwagon-provider-api-java
#9 17.67   libwayland-client0 libwayland-cursor0 libwayland-egl1 libwayland-server0
#9 17.67   libwebp7 libx11-6 libx11-data libx11-xcb1 libxau6 libxcb-dri3-0 libxcb-glx0
#9 17.67   libxcb-present0 libxcb-randr0 libxcb-render0 libxcb-shm0 libxcb-sync1
#9 17.67   libxcb-xfixes0 libxcb1 libxcomposite1 libxcursor1 libxdamage1 libxdmcp6
#9 17.67   libxext6 libxfixes3 libxi6 libxinerama1 libxkbcommon0 libxml2 libxrandr2
#9 17.67   libxrender1 libxshmfence1 libxtst6 libxxf86vm1 libz3-4 maven mesa-libgallium
#9 17.67   openjdk-21-jdk openjdk-21-jdk-headless openjdk-21-jre
#9 17.67   openjdk-21-jre-headless procps shared-mime-info systemd systemd-sysv
#9 17.67   x11-common xkb-data
#9 18.15 0 upgraded, 167 newly installed, 0 to remove and 1 not upgraded.
#9 18.15 Need to get 219 MB of archives.
#9 18.15 After this operation, 664 MB of additional disk space will be used.
#9 18.15 Get:1 http://deb.debian.org/debian trixie/main amd64 libsystemd-shared amd64 257.13-1~deb13u1 [2155 kB]
#9 26.83 Get:2 http://deb.debian.org/debian trixie/main amd64 libapparmor1 amd64 4.1.0-1 [43.7 kB]
#9 26.88 Get:3 http://deb.debian.org/debian trixie/main amd64 systemd amd64 257.13-1~deb13u1 [3094 kB]
#9 29.95 Get:4 http://deb.debian.org/debian trixie/main amd64 systemd-sysv amd64 257.13-1~deb13u1 [64.9 kB]
#9 30.01 Get:5 http://deb.debian.org/debian trixie/main amd64 libdbus-1-3 amd64 1.16.2-2 [178 kB]
#9 30.18 Get:6 http://deb.debian.org/debian trixie/main amd64 dbus-bin amd64 1.16.2-2 [80.0 kB]
#9 30.24 Get:7 http://deb.debian.org/debian trixie/main amd64 dbus-session-bus-common all 1.16.2-2 [52.3 kB]
#9 30.49 Get:8 http://deb.debian.org/debian trixie/main amd64 dbus-daemon amd64 1.16.2-2 [159 kB]
#9 30.55 Get:9 http://deb.debian.org/debian trixie/main amd64 dbus-system-bus-common all 1.16.2-2 [53.5 kB]
#9 30.57 Get:10 http://deb.debian.org/debian trixie/main amd64 dbus amd64 1.16.2-2 [71.6 kB]
#9 30.72 Get:11 http://deb.debian.org/debian trixie/main amd64 libproc2-0 amd64 2:4.0.4-9 [65.6 kB]
#9 30.98 Get:12 http://deb.debian.org/debian trixie/main amd64 procps amd64 2:4.0.4-9 [882 kB]
#9 31.92 Get:13 http://deb.debian.org/debian trixie/main amd64 libpam-systemd amd64 257.13-1~deb13u1 [297 kB]
#9 32.15 Get:14 http://deb.debian.org/debian trixie/main amd64 libgdk-pixbuf2.0-common all 2.42.12+dfsg-4+deb13u1 [312 kB]
#9 32.39 Get:15 http://deb.debian.org/debian trixie/main amd64 libatomic1 amd64 14.2.0-19 [9308 B]
#9 32.40 Get:16 http://deb.debian.org/debian trixie/main amd64 libglib2.0-0t64 amd64 2.84.4-3~deb13u5 [1521 kB]
#9 33.87 Get:17 http://deb.debian.org/debian trixie/main amd64 libxml2 amd64 2.12.7+dfsg+really2.9.14-2.1+deb13u3 [700 kB]
#9 34.65 Get:18 http://deb.debian.org/debian trixie/main amd64 shared-mime-info amd64 2.4-5+b2 [760 kB]
#9 35.59 Get:19 http://deb.debian.org/debian trixie/main amd64 libjpeg62-turbo amd64 1:2.1.5-4 [168 kB]
#9 35.83 Get:20 http://deb.debian.org/debian-security trixie-security/main amd64 libpng16-16t64 amd64 1.6.48-1+deb13u6 [283 kB]
#9 36.22 Get:21 http://deb.debian.org/debian trixie/main amd64 libdeflate0 amd64 1.23-2 [47.3 kB]
#9 36.27 Get:22 http://deb.debian.org/debian trixie/main amd64 libjbig0 amd64 2.1-6.1+b2 [32.1 kB]
#9 36.31 Get:23 http://deb.debian.org/debian trixie/main amd64 liblerc4 amd64 4.0.0+ds-5 [183 kB]
#9 36.55 Get:24 http://deb.debian.org/debian trixie/main amd64 libsharpyuv0 amd64 1.5.0-0.1 [116 kB]
#9 36.92 Get:25 http://deb.debian.org/debian trixie/main amd64 libwebp7 amd64 1.5.0-0.1 [318 kB]
#9 37.49 Get:26 http://deb.debian.org/debian trixie/main amd64 libtiff6 amd64 4.7.0-3+deb13u3 [345 kB]
#9 38.14 Get:27 http://deb.debian.org/debian trixie/main amd64 libgdk-pixbuf-2.0-0 amd64 2.42.12+dfsg-4+deb13u1 [141 kB]
#9 38.26 Get:28 http://deb.debian.org/debian trixie/main amd64 gtk-update-icon-cache amd64 4.18.6+ds-2 [52.7 kB]
#9 38.44 Get:29 http://deb.debian.org/debian trixie/main amd64 hicolor-icon-theme all 0.18-2 [11.8 kB]
#9 38.48 Get:30 http://deb.debian.org/debian trixie/main amd64 adwaita-icon-theme all 48.1-1 [504 kB]
#9 39.36 Get:31 http://deb.debian.org/debian trixie/main amd64 at-spi2-common all 2.56.2-1+deb13u2 [171 kB]
#9 39.58 Get:32 http://deb.debian.org/debian trixie/main amd64 ca-certificates-java all 20240118 [11.6 kB]
#9 39.59 Get:33 http://deb.debian.org/debian trixie/main amd64 dbus-user-session amd64 1.16.2-2 [52.1 kB]
#9 39.65 Get:34 http://deb.debian.org/debian trixie/main amd64 libdconf1 amd64 0.40.0-5 [41.8 kB]
#9 39.69 Get:35 http://deb.debian.org/debian trixie/main amd64 dconf-service amd64 0.40.0-5 [32.4 kB]
#9 39.73 Get:36 http://deb.debian.org/debian trixie/main amd64 dconf-gsettings-backend amd64 0.40.0-5 [28.6 kB]
#9 39.81 Get:37 http://deb.debian.org/debian trixie/main amd64 libfreetype6 amd64 2.13.3+dfsg-1+deb13u1 [452 kB]
#9 40.57 Get:38 http://deb.debian.org/debian trixie/main amd64 fonts-dejavu-mono all 2.37-8 [489 kB]
#9 41.38 Get:39 http://deb.debian.org/debian trixie/main amd64 fonts-dejavu-core all 2.37-8 [840 kB]
#9 42.44 Get:40 http://deb.debian.org/debian trixie/main amd64 fontconfig-config amd64 2.15.0-2.3 [318 kB]
#9 42.82 Get:41 http://deb.debian.org/debian trixie/main amd64 libfontconfig1 amd64 2.15.0-2.3 [392 kB]
#9 43.33 Get:42 http://deb.debian.org/debian trixie/main amd64 fontconfig amd64 2.15.0-2.3 [463 kB]
#9 43.87 Get:43 http://deb.debian.org/debian trixie/main amd64 java-common all 0.76 [6776 B]
#9 43.89 Get:44 http://deb.debian.org/debian trixie/main amd64 libaopalliance-java all 20070526-7 [8572 B]
#9 43.90 Get:45 http://deb.debian.org/debian trixie/main amd64 libapache-pom-java all 33-2 [5852 B]
#9 43.91 Get:46 http://deb.debian.org/debian trixie/main amd64 libasound2-data all 1.2.14-1+deb13u1 [21.2 kB]
#9 43.93 Get:47 http://deb.debian.org/debian trixie/main amd64 libasound2t64 amd64 1.2.14-1+deb13u1 [381 kB]
#9 44.40 Get:48 http://deb.debian.org/debian trixie/main amd64 libatinject-jsr330-api-java all 1.0+ds1-6 [5112 B]
#9 44.40 Get:49 http://deb.debian.org/debian trixie/main amd64 libatk1.0-0t64 amd64 2.56.2-1+deb13u2 [52.0 kB]
#9 44.46 Get:50 http://deb.debian.org/debian trixie/main amd64 libxau6 amd64 1:1.0.11-1 [20.4 kB]
#9 44.48 Get:51 http://deb.debian.org/debian trixie/main amd64 libxdmcp6 amd64 1:1.1.5-1 [27.8 kB]
#9 44.74 Get:52 http://deb.debian.org/debian trixie/main amd64 libxcb1 amd64 1.17.0-2+b1 [144 kB]
#9 44.82 Get:53 http://deb.debian.org/debian trixie/main amd64 libx11-data all 2:1.8.12-1 [343 kB]
#9 45.29 Get:54 http://deb.debian.org/debian trixie/main amd64 libx11-6 amd64 2:1.8.12-1 [815 kB]
#9 46.31 Get:55 http://deb.debian.org/debian trixie/main amd64 libxext6 amd64 2:1.3.4-1+b3 [50.4 kB]
#9 46.36 Get:56 http://deb.debian.org/debian trixie/main amd64 libxi6 amd64 2:1.8.2-1 [78.9 kB]
#9 46.47 Get:57 http://deb.debian.org/debian trixie/main amd64 libatspi2.0-0t64 amd64 2.56.2-1+deb13u2 [81.1 kB]
#9 46.55 Get:58 http://deb.debian.org/debian trixie/main amd64 libatk-bridge2.0-0t64 amd64 2.56.2-1+deb13u2 [68.5 kB]
#9 46.85 Get:59 http://deb.debian.org/debian trixie/main amd64 libavahi-common-data amd64 0.8-16 [112 kB]
#9 46.91 Get:60 http://deb.debian.org/debian trixie/main amd64 libavahi-common3 amd64 0.8-16 [44.2 kB]
#9 46.94 Get:61 http://deb.debian.org/debian trixie/main amd64 libavahi-client3 amd64 0.8-16 [48.4 kB]
#9 47.09 Get:62 http://deb.debian.org/debian trixie/main amd64 libpixman-1-0 amd64 0.44.0-3 [248 kB]
#9 47.57 Get:63 http://deb.debian.org/debian trixie/main amd64 libxcb-render0 amd64 1.17.0-2+b1 [115 kB]
#9 47.63 Get:64 http://deb.debian.org/debian trixie/main amd64 libxcb-shm0 amd64 1.17.0-2+b1 [105 kB]
#9 47.82 Get:65 http://deb.debian.org/debian trixie/main amd64 libxrender1 amd64 1:0.9.12-1 [27.9 kB]
#9 48.06 Get:66 http://deb.debian.org/debian trixie/main amd64 libcairo2 amd64 1.18.4-1+b1 [538 kB]
#9 48.85 Get:67 http://deb.debian.org/debian trixie/main amd64 libcairo-gobject2 amd64 1.18.4-1+b1 [130 kB]
#9 48.92 Get:68 http://deb.debian.org/debian trixie/main amd64 libgeronimo-interceptor-3.0-spec-java all 1.0.1-5 [8444 B]
#9 48.93 Get:69 http://deb.debian.org/debian trixie/main amd64 libcdi-api-java all 1.2-4 [55.3 kB]
#9 49.07 Get:70 http://deb.debian.org/debian trixie/main amd64 libcloudproviders0 amd64 0.3.6-2 [29.2 kB]
#9 49.10 Get:71 http://deb.debian.org/debian trixie/main amd64 liblcms2-2 amd64 2.16-2+deb13u2 [160 kB]
#9 49.50 Get:72 http://deb.debian.org/debian trixie/main amd64 libcolord2 amd64 1.4.7-3 [139 kB]
#9 49.57 Get:73 http://deb.debian.org/debian trixie/main amd64 libcommons-cli-java all 1.6.0-1 [60.4 kB]
#9 49.72 Get:74 http://deb.debian.org/debian trixie/main amd64 libcommons-parent-java all 56-1 [10.8 kB]
#9 49.94 Get:75 http://deb.debian.org/debian trixie/main amd64 libcommons-codec-java all 1.18.0-1 [304 kB]
#9 50.47 Get:76 http://deb.debian.org/debian trixie/main amd64 libcommons-io-java all 2.19.0-1 [524 kB]
#9 51.24 Get:77 http://deb.debian.org/debian trixie/main amd64 libcommons-lang3-java all 3.17.0-1+deb13u1 [641 kB]
#9 51.93 Get:78 http://deb.debian.org/debian trixie/main amd64 libcommons-logging-java all 1.3.0-2 [68.6 kB]
#9 52.20 Get:79 http://deb.debian.org/debian trixie/main amd64 libcups2t64 amd64 2.4.10-3+deb13u2 [252 kB]
#9 52.46 Get:80 http://deb.debian.org/debian trixie/main amd64 libdatrie1 amd64 0.2.13-3+b1 [38.1 kB]
#9 52.50 Get:81 http://deb.debian.org/debian trixie/main amd64 libdrm-common all 2.4.124-2 [8288 B]
#9 52.50 Get:82 http://deb.debian.org/debian trixie/main amd64 libdrm2 amd64 2.4.124-2 [39.0 kB]
#9 52.54 Get:83 http://deb.debian.org/debian trixie/main amd64 libdrm-amdgpu1 amd64 2.4.124-2 [22.6 kB]
#9 52.56 Get:84 http://deb.debian.org/debian trixie/main amd64 libpciaccess0 amd64 0.17-3+b3 [51.9 kB]
#9 52.65 Get:85 http://deb.debian.org/debian trixie/main amd64 libdrm-intel1 amd64 2.4.124-2 [64.1 kB]
#9 52.71 Get:86 http://deb.debian.org/debian trixie/main amd64 libedit2 amd64 3.1-20250104-1 [93.8 kB]
#9 53.03 Get:87 http://deb.debian.org/debian trixie/main amd64 libelf1t64 amd64 0.192-4 [189 kB]
#9 53.39 Get:88 http://deb.debian.org/debian trixie/main amd64 libepoxy0 amd64 1.5.10-2 [193 kB]
#9 53.60 Get:89 http://deb.debian.org/debian trixie/main amd64 libjsr305-java all 0.1~+svn49-12 [26.6 kB]
#9 53.82 Get:90 http://deb.debian.org/debian trixie/main amd64 libguava-java all 32.0.1-1 [2708 kB]
#9 56.65 Get:91 http://deb.debian.org/debian trixie/main amd64 liberror-prone-java all 2.18.0-1 [22.5 kB]
#9 56.67 Get:92 http://deb.debian.org/debian trixie/main amd64 libfribidi0 amd64 1.0.16-1 [26.5 kB]
#9 56.70 Get:93 http://deb.debian.org/debian trixie/main amd64 libwayland-server0 amd64 1.23.1-3 [34.4 kB]
#9 56.75 Get:94 http://deb.debian.org/debian trixie/main amd64 libz3-4 amd64 4.13.3-1 [8560 kB]
#9 65.38 Get:95 http://deb.debian.org/debian trixie/main amd64 libllvm19 amd64 1:19.1.7-3+b1 [26.0 MB]
#9 85.48 Get:96 http://deb.debian.org/debian trixie/main amd64 libsensors-config all 1:3.6.2-2 [16.2 kB]
#9 85.49 Get:97 http://deb.debian.org/debian trixie/main amd64 libsensors5 amd64 1:3.6.2-2 [37.5 kB]
#9 85.51 Get:98 http://deb.debian.org/debian trixie/main amd64 libx11-xcb1 amd64 2:1.8.12-1 [247 kB]
#9 85.63 Get:99 http://deb.debian.org/debian trixie/main amd64 libxcb-dri3-0 amd64 1.17.0-2+b1 [107 kB]
#9 85.71 Get:100 http://deb.debian.org/debian trixie/main amd64 libxcb-present0 amd64 1.17.0-2+b1 [106 kB]
#9 85.76 Get:101 http://deb.debian.org/debian trixie/main amd64 libxcb-randr0 amd64 1.17.0-2+b1 [117 kB]
#9 85.82 Get:102 http://deb.debian.org/debian trixie/main amd64 libxcb-sync1 amd64 1.17.0-2+b1 [109 kB]
#9 85.93 Get:103 http://deb.debian.org/debian trixie/main amd64 libxcb-xfixes0 amd64 1.17.0-2+b1 [109 kB]
#9 85.96 Get:104 http://deb.debian.org/debian trixie/main amd64 libxshmfence1 amd64 1.3.3-1 [10.9 kB]
#9 85.96 Get:105 http://deb.debian.org/debian trixie/main amd64 mesa-libgallium amd64 25.0.7-2+deb13u1 [9630 kB]
#9 91.49 Get:106 http://deb.debian.org/debian trixie/main amd64 libgbm1 amd64 25.0.7-2+deb13u1 [44.6 kB]
#9 91.50 Get:107 http://deb.debian.org/debian trixie/main amd64 libgeronimo-annotation-1.3-spec-java all 1.3-1 [11.1 kB]
#9 91.51 Get:108 http://deb.debian.org/debian trixie/main amd64 libgif7 amd64 5.2.2-1+deb13u1 [44.1 kB]
#9 91.52 Get:109 http://deb.debian.org/debian trixie/main amd64 libglvnd0 amd64 1.7.0-1+b2 [52.0 kB]
#9 91.54 Get:110 http://deb.debian.org/debian trixie/main amd64 libxcb-glx0 amd64 1.17.0-2+b1 [122 kB]
#9 91.59 Get:111 http://deb.debian.org/debian trixie/main amd64 libxxf86vm1 amd64 1:1.1.4-1+b4 [19.3 kB]
#9 91.64 Get:112 http://deb.debian.org/debian trixie/main amd64 libvulkan1 amd64 1.4.309.0-1 [130 kB]
#9 91.72 Get:113 http://deb.debian.org/debian trixie/main amd64 libgl1-mesa-dri amd64 25.0.7-2+deb13u1 [46.2 kB]
#9 91.78 Get:114 http://deb.debian.org/debian trixie/main amd64 libglx-mesa0 amd64 25.0.7-2+deb13u1 [143 kB]
#9 91.80 Get:115 http://deb.debian.org/debian trixie/main amd64 libglx0 amd64 1.7.0-1+b2 [34.9 kB]
#9 91.81 Get:116 http://deb.debian.org/debian trixie/main amd64 libgl1 amd64 1.7.0-1+b2 [89.5 kB]
#9 91.83 Get:117 http://deb.debian.org/debian trixie/main amd64 libgraphite2-3 amd64 1.3.14-2+deb13u1 [75.2 kB]
#9 91.87 Get:118 http://deb.debian.org/debian trixie/main amd64 libharfbuzz0b amd64 10.2.0-1+deb13u1 [479 kB]
#9 92.14 Get:119 http://deb.debian.org/debian trixie/main amd64 libthai-data all 0.1.29-2 [168 kB]
#9 92.20 Get:120 http://deb.debian.org/debian trixie/main amd64 libthai0 amd64 0.1.29-2+b1 [49.4 kB]
#9 92.28 Get:121 http://deb.debian.org/debian trixie/main amd64 libpango-1.0-0 amd64 1.56.3-1 [226 kB]
#9 92.41 Get:122 http://deb.debian.org/debian trixie/main amd64 libpangoft2-1.0-0 amd64 1.56.3-1 [55.6 kB]
#9 92.41 Get:123 http://deb.debian.org/debian trixie/main amd64 libpangocairo-1.0-0 amd64 1.56.3-1 [35.7 kB]
#9 92.42 Get:124 http://deb.debian.org/debian trixie/main amd64 libwayland-client0 amd64 1.23.1-3 [26.8 kB]
#9 92.43 Get:125 http://deb.debian.org/debian trixie/main amd64 libwayland-cursor0 amd64 1.23.1-3 [11.9 kB]
#9 92.43 Get:126 http://deb.debian.org/debian trixie/main amd64 libwayland-egl1 amd64 1.23.1-3 [5860 B]
#9 92.43 Get:127 http://deb.debian.org/debian trixie/main amd64 libxcomposite1 amd64 1:0.4.6-1 [16.3 kB]
#9 92.44 Get:128 http://deb.debian.org/debian trixie/main amd64 libxfixes3 amd64 1:6.0.0-2+b4 [20.2 kB]
#9 92.54 Get:129 http://deb.debian.org/debian trixie/main amd64 libxcursor1 amd64 1:1.2.3-1 [39.7 kB]
#9 92.54 Get:130 http://deb.debian.org/debian trixie/main amd64 libxdamage1 amd64 1:1.1.6-1+b2 [15.5 kB]
#9 92.68 Get:131 http://deb.debian.org/debian trixie/main amd64 libxinerama1 amd64 2:1.1.4-3+b4 [16.0 kB]
#9 92.68 Get:132 http://deb.debian.org/debian trixie/main amd64 xkb-data all 2.42-1 [790 kB]
#9 93.02 Get:133 http://deb.debian.org/debian trixie/main amd64 libxkbcommon0 amd64 1.7.0-2 [113 kB]
#9 93.06 Get:134 http://deb.debian.org/debian trixie/main amd64 libxrandr2 amd64 2:1.5.4-1+b3 [36.3 kB]
#9 93.30 Get:135 http://deb.debian.org/debian trixie/main amd64 libgtk-3-common all 3.24.49-3 [4908 kB]
#9 95.97 Get:136 http://deb.debian.org/debian trixie/main amd64 libgtk-3-0t64 amd64 3.24.49-3 [2769 kB]
#9 97.35 Get:137 http://deb.debian.org/debian trixie/main amd64 libguice-java all 5.1.0-1 [932 kB]
#9 97.91 Get:138 http://deb.debian.org/debian trixie/main amd64 libhttpcore-java all 4.4.16-1 [636 kB]
#9 98.36 Get:139 http://deb.debian.org/debian trixie/main amd64 libhttpclient-java all 4.5.14-1 [1247 kB]
#9 99.06 Get:140 http://deb.debian.org/debian trixie/main amd64 libjansi-java all 2.4.1-2 [100 kB]
#9 99.31 Get:141 http://deb.debian.org/debian trixie/main amd64 libjsoup-java all 1.15.3-1 [431 kB]
#9 99.39 Get:142 http://deb.debian.org/debian trixie/main amd64 libmaven-parent-java all 43-2 [6252 B]
#9 99.39 Get:143 http://deb.debian.org/debian trixie/main amd64 libplexus-utils2-java all 3.4.2-1 [258 kB]
#9 99.59 Get:144 http://deb.debian.org/debian trixie/main amd64 libwagon-provider-api-java all 3.5.3-2 [48.3 kB]
#9 99.81 Get:145 http://deb.debian.org/debian trixie/main amd64 libmaven-resolver-java all 1.9.22-1 [729 kB]
#9 100.3 Get:146 http://deb.debian.org/debian trixie/main amd64 libslf4j-java all 1.7.32-2 [142 kB]
#9 100.3 Get:147 http://deb.debian.org/debian trixie/main amd64 libmaven-shared-utils-java all 3.4.2-1 [137 kB]
#9 100.4 Get:148 http://deb.debian.org/debian trixie/main amd64 libplexus-cipher-java all 2.0-1 [14.9 kB]
#9 100.4 Get:149 http://deb.debian.org/debian trixie/main amd64 libplexus-classworlds-java all 2.7.0-1 [50.6 kB]
#9 100.4 Get:150 http://deb.debian.org/debian trixie/main amd64 libplexus-component-annotations-java all 2.1.1-1 [7660 B]
#9 100.4 Get:151 http://deb.debian.org/debian trixie/main amd64 libplexus-interpolation-java all 1.27-1 [76.8 kB]
#9 100.4 Get:152 http://deb.debian.org/debian trixie/main amd64 libplexus-sec-dispatcher-java all 2.0-3 [28.3 kB]
#9 100.6 Get:153 http://deb.debian.org/debian trixie/main amd64 libsisu-inject-java all 0.3.5-1 [352 kB]
#9 100.9 Get:154 http://deb.debian.org/debian trixie/main amd64 libsisu-plexus-java all 0.3.5-1 [183 kB]
#9 101.2 Get:155 http://deb.debian.org/debian trixie/main amd64 libmaven3-core-java all 3.9.9-1 [1661 kB]
#9 101.8 Get:156 http://deb.debian.org/debian trixie/main amd64 libnspr4 amd64 2:4.36-1 [110 kB]
#9 101.9 Get:157 http://deb.debian.org/debian trixie/main amd64 libnss3 amd64 2:3.110-1+deb13u4 [1394 kB]
#9 102.4 Get:158 http://deb.debian.org/debian trixie/main amd64 libpcsclite1 amd64 2.3.3-1 [55.2 kB]
#9 102.5 Get:159 http://deb.debian.org/debian trixie/main amd64 libwagon-file-java all 3.5.3-2 [8452 B]
#9 102.5 Get:160 http://deb.debian.org/debian trixie/main amd64 libwagon-http-java all 3.5.3-2 [49.6 kB]
#9 102.7 Get:161 http://deb.debian.org/debian trixie/main amd64 x11-common all 1:7.7+24+deb13u1 [217 kB]
#9 102.7 Get:162 http://deb.debian.org/debian trixie/main amd64 libxtst6 amd64 2:1.2.5-1 [25.8 kB]
#9 102.7 Get:163 http://deb.debian.org/debian trixie/main amd64 openjdk-21-jre-headless amd64 21.0.12.1+1-1~deb13u1 [41.9 MB]
#9 120.6 Get:164 http://deb.debian.org/debian trixie/main amd64 maven all 3.9.9-1 [19.7 kB]
#9 120.9 Get:165 http://deb.debian.org/debian trixie/main amd64 openjdk-21-jre amd64 21.0.12.1+1-1~deb13u1 [209 kB]
#9 121.2 Get:166 http://deb.debian.org/debian trixie/main amd64 openjdk-21-jdk-headless amd64 21.0.12.1+1-1~deb13u1 [83.0 MB]
#9 174.4 Get:167 http://deb.debian.org/debian trixie/main amd64 openjdk-21-jdk amd64 21.0.12.1+1-1~deb13u1 [3598 kB]
#9 182.4 debconf: unable to initialize frontend: Dialog
#9 182.4 debconf: (TERM is not set, so the dialog frontend is not usable.)
#9 182.4 debconf: falling back to frontend: Readline
#9 182.4 debconf: unable to initialize frontend: Readline
#9 182.4 debconf: (This frontend requires a controlling tty.)
#9 182.4 debconf: falling back to frontend: Teletype
#9 182.4 debconf: unable to initialize frontend: Teletype
#9 182.4 debconf: (This frontend requires a controlling tty.)
#9 182.4 debconf: falling back to frontend: Noninteractive
#9 185.4 Preconfiguring packages ...
#9 185.5 Fetched 219 MB in 2min 45s (1328 kB/s)
#9 185.5 Selecting previously unselected package libsystemd-shared:amd64.
#9 185.5 (Reading database ... 
(Reading database ... 5%
(Reading database ... 10%
(Reading database ... 15%
(Reading database ... 20%
(Reading database ... 25%
(Reading database ... 30%
(Reading database ... 35%
(Reading database ... 40%
(Reading database ... 45%
(Reading database ... 50%
(Reading database ... 55%
(Reading database ... 60%
(Reading database ... 65%
(Reading database ... 70%
(Reading database ... 75%
(Reading database ... 80%
(Reading database ... 85%
(Reading database ... 90%
(Reading database ... 95%
(Reading database ... 100%
(Reading database ... 9218 files and directories currently installed.)
#9 185.5 Preparing to unpack .../libsystemd-shared_257.13-1~deb13u1_amd64.deb ...
#9 185.5 Unpacking libsystemd-shared:amd64 (257.13-1~deb13u1) ...
#9 185.6 Selecting previously unselected package libapparmor1:amd64.
#9 185.6 Preparing to unpack .../libapparmor1_4.1.0-1_amd64.deb ...
#9 185.6 Unpacking libapparmor1:amd64 (4.1.0-1) ...
#9 185.7 Setting up libsystemd-shared:amd64 (257.13-1~deb13u1) ...
#9 185.7 Selecting previously unselected package systemd.
#9 185.7 (Reading database ... 
(Reading database ... 5%
(Reading database ... 10%
(Reading database ... 15%
(Reading database ... 20%
(Reading database ... 25%
(Reading database ... 30%
(Reading database ... 35%
(Reading database ... 40%
(Reading database ... 45%
(Reading database ... 50%
(Reading database ... 55%
(Reading database ... 60%
(Reading database ... 65%
(Reading database ... 70%
(Reading database ... 75%
(Reading database ... 80%
(Reading database ... 85%
(Reading database ... 90%
(Reading database ... 95%
(Reading database ... 100%
(Reading database ... 9231 files and directories currently installed.)
#9 185.7 Preparing to unpack .../systemd_257.13-1~deb13u1_amd64.deb ...
#9 185.8 Unpacking systemd (257.13-1~deb13u1) ...
#9 185.9 Setting up libapparmor1:amd64 (4.1.0-1) ...
#9 185.9 Setting up systemd (257.13-1~deb13u1) ...
#9 186.0 Created symlink '/etc/systemd/system/getty.target.wants/getty@tty1.service' → '/usr/lib/systemd/system/getty@.service'.
#9 186.0 Created symlink '/etc/systemd/system/multi-user.target.wants/remote-fs.target' → '/usr/lib/systemd/system/remote-fs.target'.
#9 186.0 Created symlink '/etc/systemd/system/sysinit.target.wants/systemd-pstore.service' → '/usr/lib/systemd/system/systemd-pstore.service'.
#9 186.0 Initializing machine ID from random generator.
#9 186.0 Creating group 'systemd-journal' with GID 999.
#9 186.0 Creating group 'systemd-network' with GID 998.
#9 186.0 Creating user 'systemd-network' (systemd Network Management) with UID 998 and GID 998.
#9 186.1 /usr/lib/tmpfiles.d/legacy.conf:14: Duplicate line for path "/run/lock", ignoring.
#9 186.1 Selecting previously unselected package systemd-sysv.
#9 186.1 (Reading database ... 
(Reading database ... 5%
(Reading database ... 10%
(Reading database ... 15%
(Reading database ... 20%
(Reading database ... 25%
(Reading database ... 30%
(Reading database ... 35%
(Reading database ... 40%
(Reading database ... 45%
(Reading database ... 50%
(Reading database ... 55%
(Reading database ... 60%
(Reading database ... 65%
(Reading database ... 70%
(Reading database ... 75%
(Reading database ... 80%
(Reading database ... 85%
(Reading database ... 90%
(Reading database ... 95%
(Reading database ... 100%
(Reading database ... 10168 files and directories currently installed.)
#9 186.1 Preparing to unpack .../000-systemd-sysv_257.13-1~deb13u1_amd64.deb ...
#9 186.1 Unpacking systemd-sysv (257.13-1~deb13u1) ...
#9 186.2 Selecting previously unselected package libdbus-1-3:amd64.
#9 186.2 Preparing to unpack .../001-libdbus-1-3_1.16.2-2_amd64.deb ...
#9 186.2 Unpacking libdbus-1-3:amd64 (1.16.2-2) ...
#9 186.3 Selecting previously unselected package dbus-bin.
#9 186.3 Preparing to unpack .../002-dbus-bin_1.16.2-2_amd64.deb ...
#9 186.3 Unpacking dbus-bin (1.16.2-2) ...
#9 186.3 Selecting previously unselected package dbus-session-bus-common.
#9 186.3 Preparing to unpack .../003-dbus-session-bus-common_1.16.2-2_all.deb ...
#9 186.4 Unpacking dbus-session-bus-common (1.16.2-2) ...
#9 186.4 Selecting previously unselected package dbus-daemon.
#9 186.4 Preparing to unpack .../004-dbus-daemon_1.16.2-2_amd64.deb ...
#9 186.4 Unpacking dbus-daemon (1.16.2-2) ...
#9 186.5 Selecting previously unselected package dbus-system-bus-common.
#9 186.5 Preparing to unpack .../005-dbus-system-bus-common_1.16.2-2_all.deb ...
#9 186.5 Unpacking dbus-system-bus-common (1.16.2-2) ...
#9 186.5 Selecting previously unselected package dbus.
#9 186.5 Preparing to unpack .../006-dbus_1.16.2-2_amd64.deb ...
#9 186.5 Unpacking dbus (1.16.2-2) ...
#9 186.6 Selecting previously unselected package libproc2-0:amd64.
#9 186.6 Preparing to unpack .../007-libproc2-0_2%3a4.0.4-9_amd64.deb ...
#9 186.6 Unpacking libproc2-0:amd64 (2:4.0.4-9) ...
#9 186.6 Selecting previously unselected package procps.
#9 186.6 Preparing to unpack .../008-procps_2%3a4.0.4-9_amd64.deb ...
#9 186.6 Unpacking procps (2:4.0.4-9) ...
#9 186.7 Selecting previously unselected package libpam-systemd:amd64.
#9 186.7 Preparing to unpack .../009-libpam-systemd_257.13-1~deb13u1_amd64.deb ...
#9 186.7 Unpacking libpam-systemd:amd64 (257.13-1~deb13u1) ...
#9 186.8 Selecting previously unselected package libgdk-pixbuf2.0-common.
#9 186.8 Preparing to unpack .../010-libgdk-pixbuf2.0-common_2.42.12+dfsg-4+deb13u1_all.deb ...
#9 186.8 Unpacking libgdk-pixbuf2.0-common (2.42.12+dfsg-4+deb13u1) ...
#9 186.8 Selecting previously unselected package libatomic1:amd64.
#9 186.8 Preparing to unpack .../011-libatomic1_14.2.0-19_amd64.deb ...
#9 186.8 Unpacking libatomic1:amd64 (14.2.0-19) ...
#9 186.9 Selecting previously unselected package libglib2.0-0t64:amd64.
#9 186.9 Preparing to unpack .../012-libglib2.0-0t64_2.84.4-3~deb13u5_amd64.deb ...
#9 186.9 Unpacking libglib2.0-0t64:amd64 (2.84.4-3~deb13u5) ...
#9 187.0 Selecting previously unselected package libxml2:amd64.
#9 187.0 Preparing to unpack .../013-libxml2_2.12.7+dfsg+really2.9.14-2.1+deb13u3_amd64.deb ...
#9 187.0 Unpacking libxml2:amd64 (2.12.7+dfsg+really2.9.14-2.1+deb13u3) ...
#9 187.0 Selecting previously unselected package shared-mime-info.
#9 187.0 Preparing to unpack .../014-shared-mime-info_2.4-5+b2_amd64.deb ...
#9 187.0 Unpacking shared-mime-info (2.4-5+b2) ...
#9 187.1 Selecting previously unselected package libjpeg62-turbo:amd64.
#9 187.1 Preparing to unpack .../015-libjpeg62-turbo_1%3a2.1.5-4_amd64.deb ...
#9 187.1 Unpacking libjpeg62-turbo:amd64 (1:2.1.5-4) ...
#9 187.2 Selecting previously unselected package libpng16-16t64:amd64.
#9 187.2 Preparing to unpack .../016-libpng16-16t64_1.6.48-1+deb13u6_amd64.deb ...
#9 187.2 Unpacking libpng16-16t64:amd64 (1.6.48-1+deb13u6) ...
#9 187.2 Selecting previously unselected package libdeflate0:amd64.
#9 187.2 Preparing to unpack .../017-libdeflate0_1.23-2_amd64.deb ...
#9 187.2 Unpacking libdeflate0:amd64 (1.23-2) ...
#9 187.3 Selecting previously unselected package libjbig0:amd64.
#9 187.3 Preparing to unpack .../018-libjbig0_2.1-6.1+b2_amd64.deb ...
#9 187.3 Unpacking libjbig0:amd64 (2.1-6.1+b2) ...
#9 187.3 Selecting previously unselected package liblerc4:amd64.
#9 187.3 Preparing to unpack .../019-liblerc4_4.0.0+ds-5_amd64.deb ...
#9 187.3 Unpacking liblerc4:amd64 (4.0.0+ds-5) ...
#9 187.4 Selecting previously unselected package libsharpyuv0:amd64.
#9 187.4 Preparing to unpack .../020-libsharpyuv0_1.5.0-0.1_amd64.deb ...
#9 187.4 Unpacking libsharpyuv0:amd64 (1.5.0-0.1) ...
#9 187.4 Selecting previously unselected package libwebp7:amd64.
#9 187.4 Preparing to unpack .../021-libwebp7_1.5.0-0.1_amd64.deb ...
#9 187.4 Unpacking libwebp7:amd64 (1.5.0-0.1) ...
#9 187.5 Selecting previously unselected package libtiff6:amd64.
#9 187.5 Preparing to unpack .../022-libtiff6_4.7.0-3+deb13u3_amd64.deb ...
#9 187.5 Unpacking libtiff6:amd64 (4.7.0-3+deb13u3) ...
#9 187.6 Selecting previously unselected package libgdk-pixbuf-2.0-0:amd64.
#9 187.6 Preparing to unpack .../023-libgdk-pixbuf-2.0-0_2.42.12+dfsg-4+deb13u1_amd64.deb ...
#9 187.6 Unpacking libgdk-pixbuf-2.0-0:amd64 (2.42.12+dfsg-4+deb13u1) ...
#9 187.6 Selecting previously unselected package gtk-update-icon-cache.
#9 187.6 Preparing to unpack .../024-gtk-update-icon-cache_4.18.6+ds-2_amd64.deb ...
#9 187.7 No diversion 'diversion of /usr/sbin/update-icon-caches to /usr/sbin/update-icon-caches.gtk2 by libgtk-3-bin', none removed.
#9 187.7 No diversion 'diversion of /usr/share/man/man8/update-icon-caches.8.gz to /usr/share/man/man8/update-icon-caches.gtk2.8.gz by libgtk-3-bin', none removed.
#9 187.7 Unpacking gtk-update-icon-cache (4.18.6+ds-2) ...
#9 187.7 Selecting previously unselected package hicolor-icon-theme.
#9 187.7 Preparing to unpack .../025-hicolor-icon-theme_0.18-2_all.deb ...
#9 187.7 Unpacking hicolor-icon-theme (0.18-2) ...
#9 187.9 Selecting previously unselected package adwaita-icon-theme.
#9 187.9 Preparing to unpack .../026-adwaita-icon-theme_48.1-1_all.deb ...
#9 187.9 Unpacking adwaita-icon-theme (48.1-1) ...
#9 188.0 Selecting previously unselected package at-spi2-common.
#9 188.0 Preparing to unpack .../027-at-spi2-common_2.56.2-1+deb13u2_all.deb ...
#9 188.0 Unpacking at-spi2-common (2.56.2-1+deb13u2) ...
#9 188.1 Selecting previously unselected package ca-certificates-java.
#9 188.1 Preparing to unpack .../028-ca-certificates-java_20240118_all.deb ...
#9 188.1 Unpacking ca-certificates-java (20240118) ...
#9 188.1 Selecting previously unselected package dbus-user-session.
#9 188.1 Preparing to unpack .../029-dbus-user-session_1.16.2-2_amd64.deb ...
#9 188.2 Unpacking dbus-user-session (1.16.2-2) ...
#9 188.2 Selecting previously unselected package libdconf1:amd64.
#9 188.2 Preparing to unpack .../030-libdconf1_0.40.0-5_amd64.deb ...
#9 188.2 Unpacking libdconf1:amd64 (0.40.0-5) ...
#9 188.3 Selecting previously unselected package dconf-service.
#9 188.3 Preparing to unpack .../031-dconf-service_0.40.0-5_amd64.deb ...
#9 188.3 Unpacking dconf-service (0.40.0-5) ...
#9 188.3 Selecting previously unselected package dconf-gsettings-backend:amd64.
#9 188.3 Preparing to unpack .../032-dconf-gsettings-backend_0.40.0-5_amd64.deb ...
#9 188.3 Unpacking dconf-gsettings-backend:amd64 (0.40.0-5) ...
#9 188.4 Selecting previously unselected package libfreetype6:amd64.
#9 188.4 Preparing to unpack .../033-libfreetype6_2.13.3+dfsg-1+deb13u1_amd64.deb ...
#9 188.4 Unpacking libfreetype6:amd64 (2.13.3+dfsg-1+deb13u1) ...
#9 188.5 Selecting previously unselected package fonts-dejavu-mono.
#9 188.5 Preparing to unpack .../034-fonts-dejavu-mono_2.37-8_all.deb ...
#9 188.5 Unpacking fonts-dejavu-mono (2.37-8) ...
#9 188.5 Selecting previously unselected package fonts-dejavu-core.
#9 188.5 Preparing to unpack .../035-fonts-dejavu-core_2.37-8_all.deb ...
#9 188.5 Unpacking fonts-dejavu-core (2.37-8) ...
#9 188.6 Selecting previously unselected package fontconfig-config.
#9 188.6 Preparing to unpack .../036-fontconfig-config_2.15.0-2.3_amd64.deb ...
#9 188.7 Unpacking fontconfig-config (2.15.0-2.3) ...
#9 188.7 Selecting previously unselected package libfontconfig1:amd64.
#9 188.7 Preparing to unpack .../037-libfontconfig1_2.15.0-2.3_amd64.deb ...
#9 188.7 Unpacking libfontconfig1:amd64 (2.15.0-2.3) ...
#9 188.8 Selecting previously unselected package fontconfig.
#9 188.8 Preparing to unpack .../038-fontconfig_2.15.0-2.3_amd64.deb ...
#9 188.8 Unpacking fontconfig (2.15.0-2.3) ...
#9 188.9 Selecting previously unselected package java-common.
#9 188.9 Preparing to unpack .../039-java-common_0.76_all.deb ...
#9 188.9 Unpacking java-common (0.76) ...
#9 188.9 Selecting previously unselected package libaopalliance-java.
#9 188.9 Preparing to unpack .../040-libaopalliance-java_20070526-7_all.deb ...
#9 188.9 Unpacking libaopalliance-java (20070526-7) ...
#9 188.9 Selecting previously unselected package libapache-pom-java.
#9 188.9 Preparing to unpack .../041-libapache-pom-java_33-2_all.deb ...
#9 188.9 Unpacking libapache-pom-java (33-2) ...
#9 189.0 Selecting previously unselected package libasound2-data.
#9 189.0 Preparing to unpack .../042-libasound2-data_1.2.14-1+deb13u1_all.deb ...
#9 189.0 Unpacking libasound2-data (1.2.14-1+deb13u1) ...
#9 189.1 Selecting previously unselected package libasound2t64:amd64.
#9 189.1 Preparing to unpack .../043-libasound2t64_1.2.14-1+deb13u1_amd64.deb ...
#9 189.1 Unpacking libasound2t64:amd64 (1.2.14-1+deb13u1) ...
#9 189.1 Selecting previously unselected package libatinject-jsr330-api-java.
#9 189.1 Preparing to unpack .../044-libatinject-jsr330-api-java_1.0+ds1-6_all.deb ...
#9 189.1 Unpacking libatinject-jsr330-api-java (1.0+ds1-6) ...
#9 189.2 Selecting previously unselected package libatk1.0-0t64:amd64.
#9 189.2 Preparing to unpack .../045-libatk1.0-0t64_2.56.2-1+deb13u2_amd64.deb ...
#9 189.2 Unpacking libatk1.0-0t64:amd64 (2.56.2-1+deb13u2) ...
#9 189.2 Selecting previously unselected package libxau6:amd64.
#9 189.2 Preparing to unpack .../046-libxau6_1%3a1.0.11-1_amd64.deb ...
#9 189.2 Unpacking libxau6:amd64 (1:1.0.11-1) ...
#9 189.3 Selecting previously unselected package libxdmcp6:amd64.
#9 189.3 Preparing to unpack .../047-libxdmcp6_1%3a1.1.5-1_amd64.deb ...
#9 189.3 Unpacking libxdmcp6:amd64 (1:1.1.5-1) ...
#9 189.3 Selecting previously unselected package libxcb1:amd64.
#9 189.3 Preparing to unpack .../048-libxcb1_1.17.0-2+b1_amd64.deb ...
#9 189.3 Unpacking libxcb1:amd64 (1.17.0-2+b1) ...
#9 189.4 Selecting previously unselected package libx11-data.
#9 189.4 Preparing to unpack .../049-libx11-data_2%3a1.8.12-1_all.deb ...
#9 189.4 Unpacking libx11-data (2:1.8.12-1) ...
#9 189.5 Selecting previously unselected package libx11-6:amd64.
#9 189.5 Preparing to unpack .../050-libx11-6_2%3a1.8.12-1_amd64.deb ...
#9 189.5 Unpacking libx11-6:amd64 (2:1.8.12-1) ...
#9 189.5 Selecting previously unselected package libxext6:amd64.
#9 189.5 Preparing to unpack .../051-libxext6_2%3a1.3.4-1+b3_amd64.deb ...
#9 189.6 Unpacking libxext6:amd64 (2:1.3.4-1+b3) ...
#9 189.6 Selecting previously unselected package libxi6:amd64.
#9 189.6 Preparing to unpack .../052-libxi6_2%3a1.8.2-1_amd64.deb ...
#9 189.6 Unpacking libxi6:amd64 (2:1.8.2-1) ...
#9 189.6 Selecting previously unselected package libatspi2.0-0t64:amd64.
#9 189.6 Preparing to unpack .../053-libatspi2.0-0t64_2.56.2-1+deb13u2_amd64.deb ...
#9 189.7 Unpacking libatspi2.0-0t64:amd64 (2.56.2-1+deb13u2) ...
#9 189.7 Selecting previously unselected package libatk-bridge2.0-0t64:amd64.
#9 189.7 Preparing to unpack .../054-libatk-bridge2.0-0t64_2.56.2-1+deb13u2_amd64.deb ...
#9 189.7 Unpacking libatk-bridge2.0-0t64:amd64 (2.56.2-1+deb13u2) ...
#9 189.8 Selecting previously unselected package libavahi-common-data:amd64.
#9 189.8 Preparing to unpack .../055-libavahi-common-data_0.8-16_amd64.deb ...
#9 189.8 Unpacking libavahi-common-data:amd64 (0.8-16) ...
#9 189.8 Selecting previously unselected package libavahi-common3:amd64.
#9 189.8 Preparing to unpack .../056-libavahi-common3_0.8-16_amd64.deb ...
#9 189.8 Unpacking libavahi-common3:amd64 (0.8-16) ...
#9 189.9 Selecting previously unselected package libavahi-client3:amd64.
#9 189.9 Preparing to unpack .../057-libavahi-client3_0.8-16_amd64.deb ...
#9 189.9 Unpacking libavahi-client3:amd64 (0.8-16) ...
#9 189.9 Selecting previously unselected package libpixman-1-0:amd64.
#9 189.9 Preparing to unpack .../058-libpixman-1-0_0.44.0-3_amd64.deb ...
#9 189.9 Unpacking libpixman-1-0:amd64 (0.44.0-3) ...
#9 190.0 Selecting previously unselected package libxcb-render0:amd64.
#9 190.0 Preparing to unpack .../059-libxcb-render0_1.17.0-2+b1_amd64.deb ...
#9 190.0 Unpacking libxcb-render0:amd64 (1.17.0-2+b1) ...
#9 190.0 Selecting previously unselected package libxcb-shm0:amd64.
#9 190.1 Preparing to unpack .../060-libxcb-shm0_1.17.0-2+b1_amd64.deb ...
#9 190.1 Unpacking libxcb-shm0:amd64 (1.17.0-2+b1) ...
#9 190.1 Selecting previously unselected package libxrender1:amd64.
#9 190.1 Preparing to unpack .../061-libxrender1_1%3a0.9.12-1_amd64.deb ...
#9 190.1 Unpacking libxrender1:amd64 (1:0.9.12-1) ...
#9 190.2 Selecting previously unselected package libcairo2:amd64.
#9 190.2 Preparing to unpack .../062-libcairo2_1.18.4-1+b1_amd64.deb ...
#9 190.2 Unpacking libcairo2:amd64 (1.18.4-1+b1) ...
#9 190.2 Selecting previously unselected package libcairo-gobject2:amd64.
#9 190.2 Preparing to unpack .../063-libcairo-gobject2_1.18.4-1+b1_amd64.deb ...
#9 190.2 Unpacking libcairo-gobject2:amd64 (1.18.4-1+b1) ...
#9 190.3 Selecting previously unselected package libgeronimo-interceptor-3.0-spec-java.
#9 190.3 Preparing to unpack .../064-libgeronimo-interceptor-3.0-spec-java_1.0.1-5_all.deb ...
#9 190.3 Unpacking libgeronimo-interceptor-3.0-spec-java (1.0.1-5) ...
#9 190.3 Selecting previously unselected package libcdi-api-java.
#9 190.3 Preparing to unpack .../065-libcdi-api-java_1.2-4_all.deb ...
#9 190.3 Unpacking libcdi-api-java (1.2-4) ...
#9 190.4 Selecting previously unselected package libcloudproviders0:amd64.
#9 190.4 Preparing to unpack .../066-libcloudproviders0_0.3.6-2_amd64.deb ...
#9 190.4 Unpacking libcloudproviders0:amd64 (0.3.6-2) ...
#9 190.4 Selecting previously unselected package liblcms2-2:amd64.
#9 190.4 Preparing to unpack .../067-liblcms2-2_2.16-2+deb13u2_amd64.deb ...
#9 190.4 Unpacking liblcms2-2:amd64 (2.16-2+deb13u2) ...
#9 190.5 Selecting previously unselected package libcolord2:amd64.
#9 190.5 Preparing to unpack .../068-libcolord2_1.4.7-3_amd64.deb ...
#9 190.5 Unpacking libcolord2:amd64 (1.4.7-3) ...
#9 190.5 Selecting previously unselected package libcommons-cli-java.
#9 190.6 Preparing to unpack .../069-libcommons-cli-java_1.6.0-1_all.deb ...
#9 190.6 Unpacking libcommons-cli-java (1.6.0-1) ...
#9 190.6 Selecting previously unselected package libcommons-parent-java.
#9 190.6 Preparing to unpack .../070-libcommons-parent-java_56-1_all.deb ...
#9 190.6 Unpacking libcommons-parent-java (56-1) ...
#9 190.7 Selecting previously unselected package libcommons-codec-java.
#9 190.7 Preparing to unpack .../071-libcommons-codec-java_1.18.0-1_all.deb ...
#9 190.7 Unpacking libcommons-codec-java (1.18.0-1) ...
#9 190.7 Selecting previously unselected package libcommons-io-java.
#9 190.7 Preparing to unpack .../072-libcommons-io-java_2.19.0-1_all.deb ...
#9 190.7 Unpacking libcommons-io-java (2.19.0-1) ...
#9 190.8 Selecting previously unselected package libcommons-lang3-java.
#9 190.8 Preparing to unpack .../073-libcommons-lang3-java_3.17.0-1+deb13u1_all.deb ...
#9 190.8 Unpacking libcommons-lang3-java (3.17.0-1+deb13u1) ...
#9 190.8 Selecting previously unselected package libcommons-logging-java.
#9 190.8 Preparing to unpack .../074-libcommons-logging-java_1.3.0-2_all.deb ...
#9 190.8 Unpacking libcommons-logging-java (1.3.0-2) ...
#9 190.9 Selecting previously unselected package libcups2t64:amd64.
#9 190.9 Preparing to unpack .../075-libcups2t64_2.4.10-3+deb13u2_amd64.deb ...
#9 190.9 Unpacking libcups2t64:amd64 (2.4.10-3+deb13u2) ...
#9 191.0 Selecting previously unselected package libdatrie1:amd64.
#9 191.0 Preparing to unpack .../076-libdatrie1_0.2.13-3+b1_amd64.deb ...
#9 191.0 Unpacking libdatrie1:amd64 (0.2.13-3+b1) ...
#9 191.0 Selecting previously unselected package libdrm-common.
#9 191.0 Preparing to unpack .../077-libdrm-common_2.4.124-2_all.deb ...
#9 191.0 Unpacking libdrm-common (2.4.124-2) ...
#9 191.1 Selecting previously unselected package libdrm2:amd64.
#9 191.1 Preparing to unpack .../078-libdrm2_2.4.124-2_amd64.deb ...
#9 191.1 Unpacking libdrm2:amd64 (2.4.124-2) ...
#9 191.1 Selecting previously unselected package libdrm-amdgpu1:amd64.
#9 191.1 Preparing to unpack .../079-libdrm-amdgpu1_2.4.124-2_amd64.deb ...
#9 191.2 Unpacking libdrm-amdgpu1:amd64 (2.4.124-2) ...
#9 191.2 Selecting previously unselected package libpciaccess0:amd64.
#9 191.2 Preparing to unpack .../080-libpciaccess0_0.17-3+b3_amd64.deb ...
#9 191.2 Unpacking libpciaccess0:amd64 (0.17-3+b3) ...
#9 191.3 Selecting previously unselected package libdrm-intel1:amd64.
#9 191.3 Preparing to unpack .../081-libdrm-intel1_2.4.124-2_amd64.deb ...
#9 191.3 Unpacking libdrm-intel1:amd64 (2.4.124-2) ...
#9 191.3 Selecting previously unselected package libedit2:amd64.
#9 191.3 Preparing to unpack .../082-libedit2_3.1-20250104-1_amd64.deb ...
#9 191.3 Unpacking libedit2:amd64 (3.1-20250104-1) ...
#9 191.4 Selecting previously unselected package libelf1t64:amd64.
#9 191.4 Preparing to unpack .../083-libelf1t64_0.192-4_amd64.deb ...
#9 191.4 Unpacking libelf1t64:amd64 (0.192-4) ...
#9 191.5 Selecting previously unselected package libepoxy0:amd64.
#9 191.5 Preparing to unpack .../084-libepoxy0_1.5.10-2_amd64.deb ...
#9 191.5 Unpacking libepoxy0:amd64 (1.5.10-2) ...
#9 191.5 Selecting previously unselected package libjsr305-java.
#9 191.5 Preparing to unpack .../085-libjsr305-java_0.1~+svn49-12_all.deb ...
#9 191.6 Unpacking libjsr305-java (0.1~+svn49-12) ...
#9 191.6 Selecting previously unselected package libguava-java.
#9 191.6 Preparing to unpack .../086-libguava-java_32.0.1-1_all.deb ...
#9 191.6 Unpacking libguava-java (32.0.1-1) ...
#9 191.7 Selecting previously unselected package liberror-prone-java.
#9 191.7 Preparing to unpack .../087-liberror-prone-java_2.18.0-1_all.deb ...
#9 191.7 Unpacking liberror-prone-java (2.18.0-1) ...
#9 191.8 Selecting previously unselected package libfribidi0:amd64.
#9 191.8 Preparing to unpack .../088-libfribidi0_1.0.16-1_amd64.deb ...
#9 191.8 Unpacking libfribidi0:amd64 (1.0.16-1) ...
#9 191.9 Selecting previously unselected package libwayland-server0:amd64.
#9 191.9 Preparing to unpack .../089-libwayland-server0_1.23.1-3_amd64.deb ...
#9 191.9 Unpacking libwayland-server0:amd64 (1.23.1-3) ...
#9 192.0 Selecting previously unselected package libz3-4:amd64.
#9 192.0 Preparing to unpack .../090-libz3-4_4.13.3-1_amd64.deb ...
#9 192.0 Unpacking libz3-4:amd64 (4.13.3-1) ...
#9 192.4 Selecting previously unselected package libllvm19:amd64.
#9 192.4 Preparing to unpack .../091-libllvm19_1%3a19.1.7-3+b1_amd64.deb ...
#9 192.4 Unpacking libllvm19:amd64 (1:19.1.7-3+b1) ...
#9 193.1 Selecting previously unselected package libsensors-config.
#9 193.1 Preparing to unpack .../092-libsensors-config_1%3a3.6.2-2_all.deb ...
#9 193.1 Unpacking libsensors-config (1:3.6.2-2) ...
#9 193.2 Selecting previously unselected package libsensors5:amd64.
#9 193.2 Preparing to unpack .../093-libsensors5_1%3a3.6.2-2_amd64.deb ...
#9 193.2 Unpacking libsensors5:amd64 (1:3.6.2-2) ...
#9 193.2 Selecting previously unselected package libx11-xcb1:amd64.
#9 193.2 Preparing to unpack .../094-libx11-xcb1_2%3a1.8.12-1_amd64.deb ...
#9 193.2 Unpacking libx11-xcb1:amd64 (2:1.8.12-1) ...
#9 193.3 Selecting previously unselected package libxcb-dri3-0:amd64.
#9 193.3 Preparing to unpack .../095-libxcb-dri3-0_1.17.0-2+b1_amd64.deb ...
#9 193.3 Unpacking libxcb-dri3-0:amd64 (1.17.0-2+b1) ...
#9 193.4 Selecting previously unselected package libxcb-present0:amd64.
#9 193.4 Preparing to unpack .../096-libxcb-present0_1.17.0-2+b1_amd64.deb ...
#9 193.4 Unpacking libxcb-present0:amd64 (1.17.0-2+b1) ...
#9 193.5 Selecting previously unselected package libxcb-randr0:amd64.
#9 193.5 Preparing to unpack .../097-libxcb-randr0_1.17.0-2+b1_amd64.deb ...
#9 193.5 Unpacking libxcb-randr0:amd64 (1.17.0-2+b1) ...
#9 193.6 Selecting previously unselected package libxcb-sync1:amd64.
#9 193.6 Preparing to unpack .../098-libxcb-sync1_1.17.0-2+b1_amd64.deb ...
#9 193.6 Unpacking libxcb-sync1:amd64 (1.17.0-2+b1) ...
#9 193.7 Selecting previously unselected package libxcb-xfixes0:amd64.
#9 193.7 Preparing to unpack .../099-libxcb-xfixes0_1.17.0-2+b1_amd64.deb ...
#9 193.7 Unpacking libxcb-xfixes0:amd64 (1.17.0-2+b1) ...
#9 193.8 Selecting previously unselected package libxshmfence1:amd64.
#9 193.8 Preparing to unpack .../100-libxshmfence1_1.3.3-1_amd64.deb ...
#9 193.8 Unpacking libxshmfence1:amd64 (1.3.3-1) ...
#9 193.8 Selecting previously unselected package mesa-libgallium:amd64.
#9 193.8 Preparing to unpack .../101-mesa-libgallium_25.0.7-2+deb13u1_amd64.deb ...
#9 193.8 Unpacking mesa-libgallium:amd64 (25.0.7-2+deb13u1) ...
#9 194.4 Selecting previously unselected package libgbm1:amd64.
#9 194.4 Preparing to unpack .../102-libgbm1_25.0.7-2+deb13u1_amd64.deb ...
#9 194.4 Unpacking libgbm1:amd64 (25.0.7-2+deb13u1) ...
#9 194.5 Selecting previously unselected package libgeronimo-annotation-1.3-spec-java.
#9 194.5 Preparing to unpack .../103-libgeronimo-annotation-1.3-spec-java_1.3-1_all.deb ...
#9 194.5 Unpacking libgeronimo-annotation-1.3-spec-java (1.3-1) ...
#9 194.6 Selecting previously unselected package libgif7:amd64.
#9 194.6 Preparing to unpack .../104-libgif7_5.2.2-1+deb13u1_amd64.deb ...
#9 194.6 Unpacking libgif7:amd64 (5.2.2-1+deb13u1) ...
#9 194.7 Selecting previously unselected package libglvnd0:amd64.
#9 194.7 Preparing to unpack .../105-libglvnd0_1.7.0-1+b2_amd64.deb ...
#9 194.7 Unpacking libglvnd0:amd64 (1.7.0-1+b2) ...
#9 194.7 Selecting previously unselected package libxcb-glx0:amd64.
#9 194.7 Preparing to unpack .../106-libxcb-glx0_1.17.0-2+b1_amd64.deb ...
#9 194.7 Unpacking libxcb-glx0:amd64 (1.17.0-2+b1) ...
#9 194.8 Selecting previously unselected package libxxf86vm1:amd64.
#9 194.8 Preparing to unpack .../107-libxxf86vm1_1%3a1.1.4-1+b4_amd64.deb ...
#9 194.8 Unpacking libxxf86vm1:amd64 (1:1.1.4-1+b4) ...
#9 194.9 Selecting previously unselected package libvulkan1:amd64.
#9 194.9 Preparing to unpack .../108-libvulkan1_1.4.309.0-1_amd64.deb ...
#9 194.9 Unpacking libvulkan1:amd64 (1.4.309.0-1) ...
#9 195.0 Selecting previously unselected package libgl1-mesa-dri:amd64.
#9 195.0 Preparing to unpack .../109-libgl1-mesa-dri_25.0.7-2+deb13u1_amd64.deb ...
#9 195.1 Unpacking libgl1-mesa-dri:amd64 (25.0.7-2+deb13u1) ...
#9 195.2 Selecting previously unselected package libglx-mesa0:amd64.
#9 195.2 Preparing to unpack .../110-libglx-mesa0_25.0.7-2+deb13u1_amd64.deb ...
#9 195.2 Unpacking libglx-mesa0:amd64 (25.0.7-2+deb13u1) ...
#9 195.3 Selecting previously unselected package libglx0:amd64.
#9 195.3 Preparing to unpack .../111-libglx0_1.7.0-1+b2_amd64.deb ...
#9 195.3 Unpacking libglx0:amd64 (1.7.0-1+b2) ...
#9 195.4 Selecting previously unselected package libgl1:amd64.
#9 195.4 Preparing to unpack .../112-libgl1_1.7.0-1+b2_amd64.deb ...
#9 195.4 Unpacking libgl1:amd64 (1.7.0-1+b2) ...
#9 195.5 Selecting previously unselected package libgraphite2-3:amd64.
#9 195.5 Preparing to unpack .../113-libgraphite2-3_1.3.14-2+deb13u1_amd64.deb ...
#9 195.5 Unpacking libgraphite2-3:amd64 (1.3.14-2+deb13u1) ...
#9 195.6 Selecting previously unselected package libharfbuzz0b:amd64.
#9 195.6 Preparing to unpack .../114-libharfbuzz0b_10.2.0-1+deb13u1_amd64.deb ...
#9 195.6 Unpacking libharfbuzz0b:amd64 (10.2.0-1+deb13u1) ...
#9 195.8 Selecting previously unselected package libthai-data.
#9 195.8 Preparing to unpack .../115-libthai-data_0.1.29-2_all.deb ...
#9 195.8 Unpacking libthai-data (0.1.29-2) ...
#9 196.0 Selecting previously unselected package libthai0:amd64.
#9 196.0 Preparing to unpack .../116-libthai0_0.1.29-2+b1_amd64.deb ...
#9 196.0 Unpacking libthai0:amd64 (0.1.29-2+b1) ...
#9 196.1 Selecting previously unselected package libpango-1.0-0:amd64.
#9 196.1 Preparing to unpack .../117-libpango-1.0-0_1.56.3-1_amd64.deb ...
#9 196.1 Unpacking libpango-1.0-0:amd64 (1.56.3-1) ...
#9 196.3 Selecting previously unselected package libpangoft2-1.0-0:amd64.
#9 196.3 Preparing to unpack .../118-libpangoft2-1.0-0_1.56.3-1_amd64.deb ...
#9 196.3 Unpacking libpangoft2-1.0-0:amd64 (1.56.3-1) ...
#9 196.4 Selecting previously unselected package libpangocairo-1.0-0:amd64.
#9 196.4 Preparing to unpack .../119-libpangocairo-1.0-0_1.56.3-1_amd64.deb ...
#9 196.5 Unpacking libpangocairo-1.0-0:amd64 (1.56.3-1) ...
#9 196.6 Selecting previously unselected package libwayland-client0:amd64.
#9 196.6 Preparing to unpack .../120-libwayland-client0_1.23.1-3_amd64.deb ...
#9 196.6 Unpacking libwayland-client0:amd64 (1.23.1-3) ...
#9 196.7 Selecting previously unselected package libwayland-cursor0:amd64.
#9 196.7 Preparing to unpack .../121-libwayland-cursor0_1.23.1-3_amd64.deb ...
#9 196.7 Unpacking libwayland-cursor0:amd64 (1.23.1-3) ...
#9 196.8 Selecting previously unselected package libwayland-egl1:amd64.
#9 196.8 Preparing to unpack .../122-libwayland-egl1_1.23.1-3_amd64.deb ...
#9 196.8 Unpacking libwayland-egl1:amd64 (1.23.1-3) ...
#9 197.0 Selecting previously unselected package libxcomposite1:amd64.
#9 197.0 Preparing to unpack .../123-libxcomposite1_1%3a0.4.6-1_amd64.deb ...
#9 197.0 Unpacking libxcomposite1:amd64 (1:0.4.6-1) ...
#9 197.1 Selecting previously unselected package libxfixes3:amd64.
#9 197.1 Preparing to unpack .../124-libxfixes3_1%3a6.0.0-2+b4_amd64.deb ...
#9 197.1 Unpacking libxfixes3:amd64 (1:6.0.0-2+b4) ...
#9 197.2 Selecting previously unselected package libxcursor1:amd64.
#9 197.2 Preparing to unpack .../125-libxcursor1_1%3a1.2.3-1_amd64.deb ...
#9 197.2 Unpacking libxcursor1:amd64 (1:1.2.3-1) ...
#9 197.3 Selecting previously unselected package libxdamage1:amd64.
#9 197.3 Preparing to unpack .../126-libxdamage1_1%3a1.1.6-1+b2_amd64.deb ...
#9 197.3 Unpacking libxdamage1:amd64 (1:1.1.6-1+b2) ...
#9 197.4 Selecting previously unselected package libxinerama1:amd64.
#9 197.4 Preparing to unpack .../127-libxinerama1_2%3a1.1.4-3+b4_amd64.deb ...
#9 197.4 Unpacking libxinerama1:amd64 (2:1.1.4-3+b4) ...
#9 197.4 Selecting previously unselected package xkb-data.
#9 197.4 Preparing to unpack .../128-xkb-data_2.42-1_all.deb ...
#9 197.5 Unpacking xkb-data (2.42-1) ...
#9 197.6 Selecting previously unselected package libxkbcommon0:amd64.
#9 197.6 Preparing to unpack .../129-libxkbcommon0_1.7.0-2_amd64.deb ...
#9 197.7 Unpacking libxkbcommon0:amd64 (1.7.0-2) ...
#9 197.7 Selecting previously unselected package libxrandr2:amd64.
#9 197.7 Preparing to unpack .../130-libxrandr2_2%3a1.5.4-1+b3_amd64.deb ...
#9 197.8 Unpacking libxrandr2:amd64 (2:1.5.4-1+b3) ...
#9 197.8 Selecting previously unselected package libgtk-3-common.
#9 197.8 Preparing to unpack .../131-libgtk-3-common_3.24.49-3_all.deb ...
#9 197.9 Unpacking libgtk-3-common (3.24.49-3) ...
#9 198.3 Selecting previously unselected package libgtk-3-0t64:amd64.
#9 198.3 Preparing to unpack .../132-libgtk-3-0t64_3.24.49-3_amd64.deb ...
#9 198.3 Unpacking libgtk-3-0t64:amd64 (3.24.49-3) ...
#9 198.6 Selecting previously unselected package libguice-java.
#9 198.6 Preparing to unpack .../133-libguice-java_5.1.0-1_all.deb ...
#9 198.6 Unpacking libguice-java (5.1.0-1) ...
#9 198.8 Selecting previously unselected package libhttpcore-java.
#9 198.8 Preparing to unpack .../134-libhttpcore-java_4.4.16-1_all.deb ...
#9 198.8 Unpacking libhttpcore-java (4.4.16-1) ...
#9 198.9 Selecting previously unselected package libhttpclient-java.
#9 198.9 Preparing to unpack .../135-libhttpclient-java_4.5.14-1_all.deb ...
#9 198.9 Unpacking libhttpclient-java (4.5.14-1) ...
#9 199.0 Selecting previously unselected package libjansi-java.
#9 199.0 Preparing to unpack .../136-libjansi-java_2.4.1-2_all.deb ...
#9 199.0 Unpacking libjansi-java (2.4.1-2) ...
#9 199.1 Selecting previously unselected package libjsoup-java.
#9 199.1 Preparing to unpack .../137-libjsoup-java_1.15.3-1_all.deb ...
#9 199.1 Unpacking libjsoup-java (1.15.3-1) ...
#9 199.1 Selecting previously unselected package libmaven-parent-java.
#9 199.1 Preparing to unpack .../138-libmaven-parent-java_43-2_all.deb ...
#9 199.1 Unpacking libmaven-parent-java (43-2) ...
#9 199.2 Selecting previously unselected package libplexus-utils2-java.
#9 199.2 Preparing to unpack .../139-libplexus-utils2-java_3.4.2-1_all.deb ...
#9 199.2 Unpacking libplexus-utils2-java (3.4.2-1) ...
#9 199.3 Selecting previously unselected package libwagon-provider-api-java.
#9 199.3 Preparing to unpack .../140-libwagon-provider-api-java_3.5.3-2_all.deb ...
#9 199.3 Unpacking libwagon-provider-api-java (3.5.3-2) ...
#9 199.4 Selecting previously unselected package libmaven-resolver-java.
#9 199.4 Preparing to unpack .../141-libmaven-resolver-java_1.9.22-1_all.deb ...
#9 199.4 Unpacking libmaven-resolver-java (1.9.22-1) ...
#9 199.5 Selecting previously unselected package libslf4j-java.
#9 199.5 Preparing to unpack .../142-libslf4j-java_1.7.32-2_all.deb ...
#9 199.5 Unpacking libslf4j-java (1.7.32-2) ...
#9 199.6 Selecting previously unselected package libmaven-shared-utils-java.
#9 199.6 Preparing to unpack .../143-libmaven-shared-utils-java_3.4.2-1_all.deb ...
#9 199.6 Unpacking libmaven-shared-utils-java (3.4.2-1) ...
#9 199.6 Selecting previously unselected package libplexus-cipher-java.
#9 199.6 Preparing to unpack .../144-libplexus-cipher-java_2.0-1_all.deb ...
#9 199.7 Unpacking libplexus-cipher-java (2.0-1) ...
#9 199.7 Selecting previously unselected package libplexus-classworlds-java.
#9 199.7 Preparing to unpack .../145-libplexus-classworlds-java_2.7.0-1_all.deb ...
#9 199.7 Unpacking libplexus-classworlds-java (2.7.0-1) ...
#9 199.8 Selecting previously unselected package libplexus-component-annotations-java.
#9 199.8 Preparing to unpack .../146-libplexus-component-annotations-java_2.1.1-1_all.deb ...
#9 199.8 Unpacking libplexus-component-annotations-java (2.1.1-1) ...
#9 199.8 Selecting previously unselected package libplexus-interpolation-java.
#9 199.8 Preparing to unpack .../147-libplexus-interpolation-java_1.27-1_all.deb ...
#9 199.8 Unpacking libplexus-interpolation-java (1.27-1) ...
#9 199.9 Selecting previously unselected package libplexus-sec-dispatcher-java.
#9 199.9 Preparing to unpack .../148-libplexus-sec-dispatcher-java_2.0-3_all.deb ...
#9 199.9 Unpacking libplexus-sec-dispatcher-java (2.0-3) ...
#9 200.0 Selecting previously unselected package libsisu-inject-java.
#9 200.0 Preparing to unpack .../149-libsisu-inject-java_0.3.5-1_all.deb ...
#9 200.0 Unpacking libsisu-inject-java (0.3.5-1) ...
#9 200.0 Selecting previously unselected package libsisu-plexus-java.
#9 200.0 Preparing to unpack .../150-libsisu-plexus-java_0.3.5-1_all.deb ...
#9 200.0 Unpacking libsisu-plexus-java (0.3.5-1) ...
#9 200.1 Selecting previously unselected package libmaven3-core-java.
#9 200.1 Preparing to unpack .../151-libmaven3-core-java_3.9.9-1_all.deb ...
#9 200.1 Unpacking libmaven3-core-java (3.9.9-1) ...
#9 200.2 Selecting previously unselected package libnspr4:amd64.
#9 200.2 Preparing to unpack .../152-libnspr4_2%3a4.36-1_amd64.deb ...
#9 200.2 Unpacking libnspr4:amd64 (2:4.36-1) ...
#9 200.3 Selecting previously unselected package libnss3:amd64.
#9 200.3 Preparing to unpack .../153-libnss3_2%3a3.110-1+deb13u4_amd64.deb ...
#9 200.3 Unpacking libnss3:amd64 (2:3.110-1+deb13u4) ...
#9 200.4 Selecting previously unselected package libpcsclite1:amd64.
#9 200.4 Preparing to unpack .../154-libpcsclite1_2.3.3-1_amd64.deb ...
#9 200.4 Unpacking libpcsclite1:amd64 (2.3.3-1) ...
#9 200.5 Selecting previously unselected package libwagon-file-java.
#9 200.5 Preparing to unpack .../155-libwagon-file-java_3.5.3-2_all.deb ...
#9 200.5 Unpacking libwagon-file-java (3.5.3-2) ...
#9 200.5 Selecting previously unselected package libwagon-http-java.
#9 200.5 Preparing to unpack .../156-libwagon-http-java_3.5.3-2_all.deb ...
#9 200.5 Unpacking libwagon-http-java (3.5.3-2) ...
#9 200.6 Selecting previously unselected package x11-common.
#9 200.6 Preparing to unpack .../157-x11-common_1%3a7.7+24+deb13u1_all.deb ...
#9 200.6 Unpacking x11-common (1:7.7+24+deb13u1) ...
#9 200.6 Selecting previously unselected package libxtst6:amd64.
#9 200.6 Preparing to unpack .../158-libxtst6_2%3a1.2.5-1_amd64.deb ...
#9 200.6 Unpacking libxtst6:amd64 (2:1.2.5-1) ...
#9 200.7 Selecting previously unselected package openjdk-21-jre-headless:amd64.
#9 200.7 Preparing to unpack .../159-openjdk-21-jre-headless_21.0.12.1+1-1~deb13u1_amd64.deb ...
#9 200.7 Unpacking openjdk-21-jre-headless:amd64 (21.0.12.1+1-1~deb13u1) ...
#9 201.8 Selecting previously unselected package maven.
#9 201.8 Preparing to unpack .../160-maven_3.9.9-1_all.deb ...
#9 201.8 Unpacking maven (3.9.9-1) ...
#9 201.8 Selecting previously unselected package openjdk-21-jre:amd64.
#9 201.8 Preparing to unpack .../161-openjdk-21-jre_21.0.12.1+1-1~deb13u1_amd64.deb ...
#9 201.9 Unpacking openjdk-21-jre:amd64 (21.0.12.1+1-1~deb13u1) ...
#9 201.9 Selecting previously unselected package openjdk-21-jdk-headless:amd64.
#9 201.9 Preparing to unpack .../162-openjdk-21-jdk-headless_21.0.12.1+1-1~deb13u1_amd64.deb ...
#9 201.9 Unpacking openjdk-21-jdk-headless:amd64 (21.0.12.1+1-1~deb13u1) ...
#9 202.9 Selecting previously unselected package openjdk-21-jdk:amd64.
#9 202.9 Preparing to unpack .../163-openjdk-21-jdk_21.0.12.1+1-1~deb13u1_amd64.deb ...
#9 202.9 Unpacking openjdk-21-jdk:amd64 (21.0.12.1+1-1~deb13u1) ...
#9 203.0 Setting up libgraphite2-3:amd64 (1.3.14-2+deb13u1) ...
#9 203.0 Setting up liblcms2-2:amd64 (2.16-2+deb13u2) ...
#9 203.1 Setting up libpixman-1-0:amd64 (0.44.0-3) ...
#9 203.1 Setting up libsharpyuv0:amd64 (1.5.0-0.1) ...
#9 203.2 Setting up libwayland-server0:amd64 (1.23.1-3) ...
#9 203.2 Setting up libpciaccess0:amd64 (0.17-3+b3) ...
#9 203.2 Setting up libslf4j-java (1.7.32-2) ...
#9 203.2 Setting up systemd-sysv (257.13-1~deb13u1) ...
#9 203.2 Setting up libxau6:amd64 (1:1.0.11-1) ...
#9 203.2 Setting up libxdmcp6:amd64 (1:1.1.5-1) ...
#9 203.3 Setting up libplexus-utils2-java (3.4.2-1) ...
#9 203.3 Setting up libplexus-classworlds-java (2.7.0-1) ...
#9 203.3 Setting up libxcb1:amd64 (1.17.0-2+b1) ...
#9 203.3 Setting up libxcb-xfixes0:amd64 (1.17.0-2+b1) ...
#9 203.3 Setting up liblerc4:amd64 (4.0.0+ds-5) ...
#9 203.4 Setting up libjsr305-java (0.1~+svn49-12) ...
#9 203.4 Setting up hicolor-icon-theme (0.18-2) ...
#9 203.4 Setting up java-common (0.76) ...
#9 203.4 Setting up libdatrie1:amd64 (0.2.13-3+b1) ...
#9 203.4 Setting up libaopalliance-java (20070526-7) ...
#9 203.5 Setting up libcommons-cli-java (1.6.0-1) ...
#9 203.5 Setting up libxcb-render0:amd64 (1.17.0-2+b1) ...
#9 203.5 Setting up libglvnd0:amd64 (1.7.0-1+b2) ...
#9 203.5 Setting up libxcb-glx0:amd64 (1.17.0-2+b1) ...
#9 203.5 Setting up libedit2:amd64 (3.1-20250104-1) ...
#9 203.5 Setting up libgdk-pixbuf2.0-common (2.42.12+dfsg-4+deb13u1) ...
#9 203.6 Setting up x11-common (1:7.7+24+deb13u1) ...
#9 203.7 debconf: unable to initialize frontend: Dialog
#9 203.7 debconf: (TERM is not set, so the dialog frontend is not usable.)
#9 203.7 debconf: falling back to frontend: Readline
#9 203.7 debconf: unable to initialize frontend: Readline
#9 203.7 debconf: (This frontend requires a controlling tty.)
#9 203.7 debconf: falling back to frontend: Teletype
#9 203.7 debconf: unable to initialize frontend: Teletype
#9 203.7 debconf: (This frontend requires a controlling tty.)
#9 203.7 debconf: falling back to frontend: Noninteractive
#9 203.8 invoke-rc.d: could not determine current runlevel
#9 203.8 invoke-rc.d: policy-rc.d denied execution of start.
#9 203.8 Setting up libsensors-config (1:3.6.2-2) ...
#9 203.9 Setting up libdeflate0:amd64 (1.23-2) ...
#9 203.9 Setting up xkb-data (2.42-1) ...
#9 203.9 Setting up libplexus-component-annotations-java (2.1.1-1) ...
#9 203.9 Setting up libxcb-shm0:amd64 (1.17.0-2+b1) ...
#9 203.9 Setting up libjbig0:amd64 (2.1-6.1+b2) ...
#9 203.9 Setting up libelf1t64:amd64 (0.192-4) ...
#9 203.9 Setting up libxcb-present0:amd64 (1.17.0-2+b1) ...
#9 204.0 Setting up libgeronimo-annotation-1.3-spec-java (1.3-1) ...
#9 204.0 Setting up libgeronimo-interceptor-3.0-spec-java (1.0.1-5) ...
#9 204.0 Setting up libasound2-data (1.2.14-1+deb13u1) ...
#9 204.0 Setting up libz3-4:amd64 (4.13.3-1) ...
#9 204.0 Setting up libasound2t64:amd64 (1.2.14-1+deb13u1) ...
#9 204.0 Setting up libjpeg62-turbo:amd64 (1:2.1.5-4) ...
#9 204.1 Setting up libx11-data (2:1.8.12-1) ...
#9 204.1 Setting up libepoxy0:amd64 (1.5.10-2) ...
#9 204.1 Setting up libnspr4:amd64 (2:4.36-1) ...
#9 204.1 Setting up libxcb-sync1:amd64 (1.17.0-2+b1) ...
#9 204.1 Setting up libjansi-java (2.4.1-2) ...
#9 204.1 Setting up libapache-pom-java (33-2) ...
#9 204.2 Setting up libavahi-common-data:amd64 (0.8-16) ...
#9 204.2 Setting up libatinject-jsr330-api-java (1.0+ds1-6) ...
#9 204.2 Setting up libdbus-1-3:amd64 (1.16.2-2) ...
#9 204.2 Setting up libfribidi0:amd64 (1.0.16-1) ...
#9 204.2 Setting up libproc2-0:amd64 (2:4.0.4-9) ...
#9 204.2 Setting up libplexus-interpolation-java (1.27-1) ...
#9 204.3 Setting up fonts-dejavu-mono (2.37-8) ...
#9 204.3 Setting up libpng16-16t64:amd64 (1.6.48-1+deb13u6) ...
#9 204.3 Setting up libatomic1:amd64 (14.2.0-19) ...
#9 204.3 Setting up fonts-dejavu-core (2.37-8) ...
#9 204.4 Setting up libpcsclite1:amd64 (2.3.3-1) ...
#9 204.4 Setting up libsensors5:amd64 (1:3.6.2-2) ...
#9 204.4 Setting up libvulkan1:amd64 (1.4.309.0-1) ...
#9 204.5 Setting up libwebp7:amd64 (1.5.0-0.1) ...
#9 204.5 Setting up libgif7:amd64 (5.2.2-1+deb13u1) ...
#9 204.5 Setting up libxshmfence1:amd64 (1.3.3-1) ...
#9 204.5 Setting up libjsoup-java (1.15.3-1) ...
#9 204.5 Setting up at-spi2-common (2.56.2-1+deb13u2) ...
#9 204.5 Setting up libtiff6:amd64 (4.7.0-3+deb13u3) ...
#9 204.6 Setting up libxcb-randr0:amd64 (1.17.0-2+b1) ...
#9 204.6 Setting up dbus-session-bus-common (1.16.2-2) ...
#9 204.6 Setting up procps (2:4.0.4-9) ...
#9 204.6 Setting up libx11-6:amd64 (2:1.8.12-1) ...
#9 204.6 Setting up libthai-data (0.1.29-2) ...
#9 204.7 Setting up libwayland-egl1:amd64 (1.23.1-3) ...
#9 204.7 Setting up libhttpcore-java (4.4.16-1) ...
#9 204.7 Setting up ca-certificates-java (20240118) ...
#9 204.8 No JRE found. Skipping Java certificates setup.
#9 204.8 Setting up dbus-system-bus-common (1.16.2-2) ...
#9 204.8 Creating group 'messagebus' with GID 997.
#9 204.8 Creating user 'messagebus' (System Message Bus) with UID 997 and GID 997.
#9 204.8 Setting up libdrm-common (2.4.124-2) ...
#9 204.8 Setting up libcdi-api-java (1.2-4) ...
#9 204.8 Setting up libxcomposite1:amd64 (1:0.4.6-1) ...
#9 204.9 Setting up libxml2:amd64 (2.12.7+dfsg+really2.9.14-2.1+deb13u3) ...
#9 204.9 Setting up dbus-bin (1.16.2-2) ...
#9 204.9 Setting up libxkbcommon0:amd64 (1.7.0-2) ...
#9 204.9 Setting up libwayland-client0:amd64 (1.23.1-3) ...
#9 204.9 Setting up libxcb-dri3-0:amd64 (1.17.0-2+b1) ...
#9 204.9 Setting up libwagon-provider-api-java (3.5.3-2) ...
#9 205.0 Setting up libllvm19:amd64 (1:19.1.7-3+b1) ...
#9 205.0 Setting up libx11-xcb1:amd64 (2:1.8.12-1) ...
#9 205.0 Setting up libxdamage1:amd64 (1:1.1.6-1+b2) ...
#9 205.0 Setting up libxrender1:amd64 (1:0.9.12-1) ...
#9 205.0 Setting up fontconfig-config (2.15.0-2.3) ...
#9 205.1 debconf: unable to initialize frontend: Dialog
#9 205.1 debconf: (TERM is not set, so the dialog frontend is not usable.)
#9 205.1 debconf: falling back to frontend: Readline
#9 205.1 debconf: unable to initialize frontend: Readline
#9 205.1 debconf: (This frontend requires a controlling tty.)
#9 205.1 debconf: falling back to frontend: Teletype
#9 205.1 debconf: unable to initialize frontend: Teletype
#9 205.1 debconf: (This frontend requires a controlling tty.)
#9 205.1 debconf: falling back to frontend: Noninteractive
#9 205.2 Setting up libmaven-parent-java (43-2) ...
#9 205.2 Setting up libcommons-parent-java (56-1) ...
#9 205.2 Setting up libavahi-common3:amd64 (0.8-16) ...
#9 205.2 Setting up libcommons-logging-java (1.3.0-2) ...
#9 205.2 Setting up libxext6:amd64 (2:1.3.4-1+b3) ...
#9 205.2 Setting up libsisu-inject-java (0.3.5-1) ...
#9 205.3 Setting up libnss3:amd64 (2:3.110-1+deb13u4) ...
#9 205.3 Setting up dbus-daemon (1.16.2-2) ...
#9 205.3 Setting up libplexus-cipher-java (2.0-1) ...
#9 205.3 Setting up libxxf86vm1:amd64 (1:1.1.4-1+b4) ...
#9 205.3 Setting up libthai0:amd64 (0.1.29-2+b1) ...
#9 205.3 Setting up libsisu-plexus-java (0.3.5-1) ...
#9 205.4 Setting up libglib2.0-0t64:amd64 (2.84.4-3~deb13u5) ...
#9 205.4 Setting up libfreetype6:amd64 (2.13.3+dfsg-1+deb13u1) ...
#9 205.4 Setting up libxfixes3:amd64 (1:6.0.0-2+b4) ...
#9 205.4 Setting up dbus (1.16.2-2) ...
#9 205.5 invoke-rc.d: could not determine current runlevel
#9 205.5 invoke-rc.d: policy-rc.d denied execution of start.
#9 205.5 Setting up shared-mime-info (2.4-5+b2) ...
#9 208.4 Setting up libxinerama1:amd64 (2:1.1.4-3+b4) ...
#9 208.4 Setting up libxrandr2:amd64 (2:1.5.4-1+b3) ...
#9 208.5 Setting up libcommons-lang3-java (3.17.0-1+deb13u1) ...
#9 208.5 Setting up libdrm2:amd64 (2.4.124-2) ...
#9 208.5 Setting up libwayland-cursor0:amd64 (1.23.1-3) ...
#9 208.5 Setting up libpam-systemd:amd64 (257.13-1~deb13u1) ...
#9 208.6 debconf: unable to initialize frontend: Dialog
#9 208.6 debconf: (TERM is not set, so the dialog frontend is not usable.)
#9 208.6 debconf: falling back to frontend: Readline
#9 208.6 debconf: unable to initialize frontend: Readline
#9 208.6 debconf: (This frontend requires a controlling tty.)
#9 208.6 debconf: falling back to frontend: Teletype
#9 208.6 debconf: unable to initialize frontend: Teletype
#9 208.6 debconf: (This frontend requires a controlling tty.)
#9 208.6 debconf: falling back to frontend: Noninteractive
#9 208.8 Setting up libplexus-sec-dispatcher-java (2.0-3) ...
#9 208.8 Setting up libharfbuzz0b:amd64 (10.2.0-1+deb13u1) ...
#9 208.8 Setting up libgdk-pixbuf-2.0-0:amd64 (2.42.12+dfsg-4+deb13u1) ...
#9 208.8 Setting up libfontconfig1:amd64 (2.15.0-2.3) ...
#9 208.8 Setting up libwagon-file-java (3.5.3-2) ...
#9 208.8 Setting up libcommons-codec-java (1.18.0-1) ...
#9 208.9 Setting up libavahi-client3:amd64 (0.8-16) ...
#9 208.9 Setting up libdrm-amdgpu1:amd64 (2.4.124-2) ...
#9 208.9 Setting up gtk-update-icon-cache (4.18.6+ds-2) ...
#9 208.9 Setting up fontconfig (2.15.0-2.3) ...
#9 208.9 Regenerating fonts cache... done.
#9 210.9 Setting up libatk1.0-0t64:amd64 (2.56.2-1+deb13u2) ...
#9 211.0 Setting up openjdk-21-jre-headless:amd64 (21.0.12.1+1-1~deb13u1) ...
#9 211.1 update-alternatives: using /usr/lib/jvm/java-21-openjdk-amd64/bin/java to provide /usr/bin/java (java) in auto mode
#9 211.1 update-alternatives: using /usr/lib/jvm/java-21-openjdk-amd64/bin/jpackage to provide /usr/bin/jpackage (jpackage) in auto mode
#9 211.1 update-alternatives: using /usr/lib/jvm/java-21-openjdk-amd64/bin/keytool to provide /usr/bin/keytool (keytool) in auto mode
#9 211.1 update-alternatives: using /usr/lib/jvm/java-21-openjdk-amd64/bin/rmiregistry to provide /usr/bin/rmiregistry (rmiregistry) in auto mode
#9 211.1 update-alternatives: using /usr/lib/jvm/java-21-openjdk-amd64/lib/jexec to provide /usr/bin/jexec (jexec) in auto mode
#9 211.2 Setting up libxi6:amd64 (2:1.8.2-1) ...
#9 211.2 Setting up libcommons-io-java (2.19.0-1) ...
#9 211.2 Setting up libxtst6:amd64 (2:1.2.5-1) ...
#9 211.2 Setting up libxcursor1:amd64 (1:1.2.3-1) ...
#9 211.2 Setting up libpango-1.0-0:amd64 (1.56.3-1) ...
#9 211.3 Setting up libdrm-intel1:amd64 (2.4.124-2) ...
#9 211.3 Setting up libcloudproviders0:amd64 (0.3.6-2) ...
#9 211.3 Setting up libcairo2:amd64 (1.18.4-1+b1) ...
#9 211.3 Setting up libcolord2:amd64 (1.4.7-3) ...
#9 211.3 Setting up libdconf1:amd64 (0.40.0-5) ...
#9 211.4 Setting up dbus-user-session (1.16.2-2) ...
#9 211.4 Setting up libmaven-resolver-java (1.9.22-1) ...
#9 211.4 Setting up adwaita-icon-theme (48.1-1) ...
#9 211.4 update-alternatives: using /usr/share/icons/Adwaita/cursor.theme to provide /usr/share/icons/default/index.theme (x-cursor-theme) in auto mode
#9 211.4 Setting up libatspi2.0-0t64:amd64 (2.56.2-1+deb13u2) ...
#9 211.5 Setting up libhttpclient-java (4.5.14-1) ...
#9 211.5 Setting up libwagon-http-java (3.5.3-2) ...
#9 211.5 Setting up libcairo-gobject2:amd64 (1.18.4-1+b1) ...
#9 211.5 Setting up libmaven-shared-utils-java (3.4.2-1) ...
#9 211.5 Setting up libpangoft2-1.0-0:amd64 (1.56.3-1) ...
#9 211.5 Setting up libcups2t64:amd64 (2.4.10-3+deb13u2) ...
#9 211.6 Setting up libpangocairo-1.0-0:amd64 (1.56.3-1) ...
#9 211.6 Setting up libatk-bridge2.0-0t64:amd64 (2.56.2-1+deb13u2) ...
#9 211.6 Setting up mesa-libgallium:amd64 (25.0.7-2+deb13u1) ...
#9 211.6 Setting up libgbm1:amd64 (25.0.7-2+deb13u1) ...
#9 211.6 Setting up libgl1-mesa-dri:amd64 (25.0.7-2+deb13u1) ...
#9 211.7 Setting up dconf-service (0.40.0-5) ...
#9 211.7 Setting up libglx-mesa0:amd64 (25.0.7-2+deb13u1) ...
#9 211.7 Setting up libglx0:amd64 (1.7.0-1+b2) ...
#9 211.7 Setting up dconf-gsettings-backend:amd64 (0.40.0-5) ...
#9 211.7 Setting up libgl1:amd64 (1.7.0-1+b2) ...
#9 211.8 Setting up libgtk-3-common (3.24.49-3) ...
#9 211.8 Setting up libgtk-3-0t64:amd64 (3.24.49-3) ...
#9 211.8 Setting up libguava-java (32.0.1-1) ...
#9 211.8 Setting up liberror-prone-java (2.18.0-1) ...
#9 212.0 Setting up libguice-java (5.1.0-1) ...
#9 212.0 Setting up libmaven3-core-java (3.9.9-1) ...
#9 212.0 Processing triggers for libc-bin (2.41-12+deb13u4) ...
#9 212.0 Processing triggers for ca-certificates-java (20240118) ...
#9 212.4 Adding debian:ACCVRAIZ1.pem
#9 212.4 Adding debian:AC_RAIZ_FNMT-RCM.pem
#9 212.4 Adding debian:AC_RAIZ_FNMT-RCM_SERVIDORES_SEGUROS.pem
#9 212.4 Adding debian:ANF_Secure_Server_Root_CA.pem
#9 212.4 Adding debian:Actalis_Authentication_Root_CA.pem
#9 212.4 Adding debian:AffirmTrust_Commercial.pem
#9 212.4 Adding debian:AffirmTrust_Networking.pem
#9 212.4 Adding debian:AffirmTrust_Premium.pem
#9 212.4 Adding debian:AffirmTrust_Premium_ECC.pem
#9 212.4 Adding debian:Amazon_Root_CA_1.pem
#9 212.4 Adding debian:Amazon_Root_CA_2.pem
#9 212.4 Adding debian:Amazon_Root_CA_3.pem
#9 212.4 Adding debian:Amazon_Root_CA_4.pem
#9 212.4 Adding debian:Atos_TrustedRoot_2011.pem
#9 212.4 Adding debian:Atos_TrustedRoot_Root_CA_ECC_TLS_2021.pem
#9 212.4 Adding debian:Atos_TrustedRoot_Root_CA_RSA_TLS_2021.pem
#9 212.4 Adding debian:Autoridad_de_Certificacion_Firmaprofesional_CIF_A62634068.pem
#9 212.4 Adding debian:BJCA_Global_Root_CA1.pem
#9 212.4 Adding debian:BJCA_Global_Root_CA2.pem
#9 212.4 Adding debian:Baltimore_CyberTrust_Root.pem
#9 212.4 Adding debian:Buypass_Class_2_Root_CA.pem
#9 212.4 Adding debian:Buypass_Class_3_Root_CA.pem
#9 212.4 Adding debian:CA_Disig_Root_R2.pem
#9 212.4 Adding debian:CFCA_EV_ROOT.pem
#9 212.5 Adding debian:COMODO_Certification_Authority.pem
#9 212.5 Adding debian:COMODO_ECC_Certification_Authority.pem
#9 212.5 Adding debian:COMODO_RSA_Certification_Authority.pem
#9 212.5 Adding debian:Certainly_Root_E1.pem
#9 212.5 Adding debian:Certainly_Root_R1.pem
#9 212.5 Adding debian:Certigna.pem
#9 212.5 Adding debian:Certigna_Root_CA.pem
#9 212.5 Adding debian:Certum_EC-384_CA.pem
#9 212.5 Adding debian:Certum_Trusted_Network_CA.pem
#9 212.5 Adding debian:Certum_Trusted_Network_CA_2.pem
#9 212.5 Adding debian:Certum_Trusted_Root_CA.pem
#9 212.5 Adding debian:CommScope_Public_Trust_ECC_Root-01.pem
#9 212.5 Adding debian:CommScope_Public_Trust_ECC_Root-02.pem
#9 212.5 Adding debian:CommScope_Public_Trust_RSA_Root-01.pem
#9 212.5 Adding debian:CommScope_Public_Trust_RSA_Root-02.pem
#9 212.5 Adding debian:Comodo_AAA_Services_root.pem
#9 212.5 Adding debian:D-TRUST_BR_Root_CA_1_2020.pem
#9 212.5 Adding debian:D-TRUST_BR_Root_CA_2_2023.pem
#9 212.5 Adding debian:D-TRUST_EV_Root_CA_1_2020.pem
#9 212.5 Adding debian:D-TRUST_EV_Root_CA_2_2023.pem
#9 212.5 Adding debian:D-TRUST_Root_Class_3_CA_2_2009.pem
#9 212.5 Adding debian:D-TRUST_Root_Class_3_CA_2_EV_2009.pem
#9 212.5 Adding debian:DigiCert_Assured_ID_Root_CA.pem
#9 212.5 Adding debian:DigiCert_Assured_ID_Root_G2.pem
#9 212.5 Adding debian:DigiCert_Assured_ID_Root_G3.pem
#9 212.5 Adding debian:DigiCert_Global_Root_CA.pem
#9 212.5 Adding debian:DigiCert_Global_Root_G2.pem
#9 212.5 Adding debian:DigiCert_Global_Root_G3.pem
#9 212.5 Adding debian:DigiCert_High_Assurance_EV_Root_CA.pem
#9 212.5 Adding debian:DigiCert_TLS_ECC_P384_Root_G5.pem
#9 212.5 Adding debian:DigiCert_TLS_RSA4096_Root_G5.pem
#9 212.5 Adding debian:DigiCert_Trusted_Root_G4.pem
#9 212.5 Adding debian:Entrust.net_Premium_2048_Secure_Server_CA.pem
#9 212.5 Adding debian:Entrust_Root_Certification_Authority.pem
#9 212.5 Adding debian:Entrust_Root_Certification_Authority_-_EC1.pem
#9 212.5 Adding debian:Entrust_Root_Certification_Authority_-_G2.pem
#9 212.5 Adding debian:FIRMAPROFESIONAL_CA_ROOT-A_WEB.pem
#9 212.5 Adding debian:GDCA_TrustAUTH_R5_ROOT.pem
#9 212.5 Adding debian:GLOBALTRUST_2020.pem
#9 212.5 Adding debian:GTS_Root_R1.pem
#9 212.5 Adding debian:GTS_Root_R2.pem
#9 212.5 Adding debian:GTS_Root_R3.pem
#9 212.5 Adding debian:GTS_Root_R4.pem
#9 212.5 Adding debian:GlobalSign_ECC_Root_CA_-_R4.pem
#9 212.5 Adding debian:GlobalSign_ECC_Root_CA_-_R5.pem
#9 212.5 Adding debian:GlobalSign_Root_CA.pem
#9 212.5 Adding debian:GlobalSign_Root_CA_-_R3.pem
#9 212.5 Adding debian:GlobalSign_Root_CA_-_R6.pem
#9 212.5 Adding debian:GlobalSign_Root_E46.pem
#9 212.5 Adding debian:GlobalSign_Root_R46.pem
#9 212.5 Adding debian:Go_Daddy_Class_2_CA.pem
#9 212.5 Adding debian:Go_Daddy_Root_Certificate_Authority_-_G2.pem
#9 212.5 Adding debian:HARICA_TLS_ECC_Root_CA_2021.pem
#9 212.5 Adding debian:HARICA_TLS_RSA_Root_CA_2021.pem
#9 212.5 Adding debian:Hellenic_Academic_and_Research_Institutions_ECC_RootCA_2015.pem
#9 212.5 Adding debian:Hellenic_Academic_and_Research_Institutions_RootCA_2015.pem
#9 212.5 Adding debian:HiPKI_Root_CA_-_G1.pem
#9 212.5 Adding debian:Hongkong_Post_Root_CA_3.pem
#9 212.5 Adding debian:ISRG_Root_X1.pem
#9 212.5 Adding debian:ISRG_Root_X2.pem
#9 212.5 Adding debian:IdenTrust_Commercial_Root_CA_1.pem
#9 212.5 Adding debian:IdenTrust_Public_Sector_Root_CA_1.pem
#9 212.6 Adding debian:Izenpe.com.pem
#9 212.6 Adding debian:Microsec_e-Szigno_Root_CA_2009.pem
#9 212.6 Adding debian:Microsoft_ECC_Root_Certificate_Authority_2017.pem
#9 212.6 Adding debian:Microsoft_RSA_Root_Certificate_Authority_2017.pem
#9 212.6 Adding debian:NAVER_Global_Root_Certification_Authority.pem
#9 212.6 Adding debian:NetLock_Arany_=Class_Gold=_Főtanúsítvány.pem
#9 212.6 Adding debian:OISTE_WISeKey_Global_Root_GB_CA.pem
#9 212.6 Adding debian:OISTE_WISeKey_Global_Root_GC_CA.pem
#9 212.6 Adding debian:QuoVadis_Root_CA_1_G3.pem
#9 212.6 Adding debian:QuoVadis_Root_CA_2.pem
#9 212.6 Adding debian:QuoVadis_Root_CA_2_G3.pem
#9 212.6 Adding debian:QuoVadis_Root_CA_3.pem
#9 212.6 Adding debian:QuoVadis_Root_CA_3_G3.pem
#9 212.6 Adding debian:SSL.com_EV_Root_Certification_Authority_ECC.pem
#9 212.6 Adding debian:SSL.com_EV_Root_Certification_Authority_RSA_R2.pem
#9 212.6 Adding debian:SSL.com_Root_Certification_Authority_ECC.pem
#9 212.6 Adding debian:SSL.com_Root_Certification_Authority_RSA.pem
#9 212.6 Adding debian:SSL.com_TLS_ECC_Root_CA_2022.pem
#9 212.6 Adding debian:SSL.com_TLS_RSA_Root_CA_2022.pem
#9 212.6 Adding debian:SZAFIR_ROOT_CA2.pem
#9 212.6 Adding debian:Sectigo_Public_Server_Authentication_Root_E46.pem
#9 212.6 Adding debian:Sectigo_Public_Server_Authentication_Root_R46.pem
#9 212.6 Adding debian:SecureSign_Root_CA12.pem
#9 212.6 Adding debian:SecureSign_Root_CA14.pem
#9 212.6 Adding debian:SecureSign_Root_CA15.pem
#9 212.6 Adding debian:SecureTrust_CA.pem
#9 212.6 Adding debian:Secure_Global_CA.pem
#9 212.6 Adding debian:Security_Communication_ECC_RootCA1.pem
#9 212.6 Adding debian:Security_Communication_RootCA2.pem
#9 212.6 Adding debian:Starfield_Class_2_CA.pem
#9 212.6 Adding debian:Starfield_Root_Certificate_Authority_-_G2.pem
#9 212.6 Adding debian:Starfield_Services_Root_Certificate_Authority_-_G2.pem
#9 212.6 Adding debian:SwissSign_Gold_CA_-_G2.pem
#9 212.6 Adding debian:T-TeleSec_GlobalRoot_Class_2.pem
#9 212.6 Adding debian:T-TeleSec_GlobalRoot_Class_3.pem
#9 212.6 Adding debian:TUBITAK_Kamu_SM_SSL_Kok_Sertifikasi_-_Surum_1.pem
#9 212.6 Adding debian:TWCA_CYBER_Root_CA.pem
#9 212.6 Adding debian:TWCA_Global_Root_CA.pem
#9 212.6 Adding debian:TWCA_Root_Certification_Authority.pem
#9 212.6 Adding debian:Telekom_Security_TLS_ECC_Root_2020.pem
#9 212.6 Adding debian:Telekom_Security_TLS_RSA_Root_2023.pem
#9 212.6 Adding debian:TeliaSonera_Root_CA_v1.pem
#9 212.6 Adding debian:Telia_Root_CA_v2.pem
#9 212.6 Adding debian:TrustAsia_Global_Root_CA_G3.pem
#9 212.6 Adding debian:TrustAsia_Global_Root_CA_G4.pem
#9 212.6 Adding debian:Trustwave_Global_Certification_Authority.pem
#9 212.6 Adding debian:Trustwave_Global_ECC_P256_Certification_Authority.pem
#9 212.6 Adding debian:Trustwave_Global_ECC_P384_Certification_Authority.pem
#9 212.6 Adding debian:TunTrust_Root_CA.pem
#9 212.6 Adding debian:UCA_Extended_Validation_Root.pem
#9 212.6 Adding debian:UCA_Global_G2_Root.pem
#9 212.6 Adding debian:USERTrust_ECC_Certification_Authority.pem
#9 212.6 Adding debian:USERTrust_RSA_Certification_Authority.pem
#9 212.6 Adding debian:XRamp_Global_CA_Root.pem
#9 212.6 Adding debian:certSIGN_ROOT_CA.pem
#9 212.6 Adding debian:certSIGN_Root_CA_G2.pem
#9 212.6 Adding debian:e-Szigno_Root_CA_2017.pem
#9 212.7 Adding debian:ePKI_Root_Certification_Authority.pem
#9 212.7 Adding debian:emSign_ECC_Root_CA_-_C3.pem
#9 212.7 Adding debian:emSign_ECC_Root_CA_-_G3.pem
#9 212.7 Adding debian:emSign_Root_CA_-_C1.pem
#9 212.7 Adding debian:emSign_Root_CA_-_G1.pem
#9 212.7 Adding debian:vTrus_ECC_Root_CA.pem
#9 212.7 Adding debian:vTrus_Root_CA.pem
#9 212.7 done.
#9 212.7 Setting up openjdk-21-jre:amd64 (21.0.12.1+1-1~deb13u1) ...
#9 212.8 Setting up openjdk-21-jdk-headless:amd64 (21.0.12.1+1-1~deb13u1) ...
#9 212.8 update-alternatives: using /usr/lib/jvm/java-21-openjdk-amd64/bin/jar to provide /usr/bin/jar (jar) in auto mode
#9 212.8 update-alternatives: using /usr/lib/jvm/java-21-openjdk-amd64/bin/jarsigner to provide /usr/bin/jarsigner (jarsigner) in auto mode
#9 212.8 update-alternatives: using /usr/lib/jvm/java-21-openjdk-amd64/bin/javac to provide /usr/bin/javac (javac) in auto mode
#9 212.8 update-alternatives: using /usr/lib/jvm/java-21-openjdk-amd64/bin/javadoc to provide /usr/bin/javadoc (javadoc) in auto mode
#9 212.8 update-alternatives: using /usr/lib/jvm/java-21-openjdk-amd64/bin/javap to provide /usr/bin/javap (javap) in auto mode
#9 212.8 update-alternatives: using /usr/lib/jvm/java-21-openjdk-amd64/bin/jcmd to provide /usr/bin/jcmd (jcmd) in auto mode
#9 212.8 update-alternatives: using /usr/lib/jvm/java-21-openjdk-amd64/bin/jdb to provide /usr/bin/jdb (jdb) in auto mode
#9 212.8 update-alternatives: using /usr/lib/jvm/java-21-openjdk-amd64/bin/jdeprscan to provide /usr/bin/jdeprscan (jdeprscan) in auto mode
#9 212.8 update-alternatives: using /usr/lib/jvm/java-21-openjdk-amd64/bin/jdeps to provide /usr/bin/jdeps (jdeps) in auto mode
#9 212.8 update-alternatives: using /usr/lib/jvm/java-21-openjdk-amd64/bin/jfr to provide /usr/bin/jfr (jfr) in auto mode
#9 212.8 update-alternatives: using /usr/lib/jvm/java-21-openjdk-amd64/bin/jimage to provide /usr/bin/jimage (jimage) in auto mode
#9 212.9 update-alternatives: using /usr/lib/jvm/java-21-openjdk-amd64/bin/jinfo to provide /usr/bin/jinfo (jinfo) in auto mode
#9 212.9 update-alternatives: using /usr/lib/jvm/java-21-openjdk-amd64/bin/jlink to provide /usr/bin/jlink (jlink) in auto mode
#9 212.9 update-alternatives: using /usr/lib/jvm/java-21-openjdk-amd64/bin/jmap to provide /usr/bin/jmap (jmap) in auto mode
#9 212.9 update-alternatives: using /usr/lib/jvm/java-21-openjdk-amd64/bin/jmod to provide /usr/bin/jmod (jmod) in auto mode
#9 212.9 update-alternatives: using /usr/lib/jvm/java-21-openjdk-amd64/bin/jps to provide /usr/bin/jps (jps) in auto mode
#9 212.9 update-alternatives: using /usr/lib/jvm/java-21-openjdk-amd64/bin/jrunscript to provide /usr/bin/jrunscript (jrunscript) in auto mode
#9 212.9 update-alternatives: using /usr/lib/jvm/java-21-openjdk-amd64/bin/jshell to provide /usr/bin/jshell (jshell) in auto mode
#9 212.9 update-alternatives: using /usr/lib/jvm/java-21-openjdk-amd64/bin/jstack to provide /usr/bin/jstack (jstack) in auto mode
#9 212.9 update-alternatives: using /usr/lib/jvm/java-21-openjdk-amd64/bin/jstat to provide /usr/bin/jstat (jstat) in auto mode
#9 212.9 update-alternatives: using /usr/lib/jvm/java-21-openjdk-amd64/bin/jstatd to provide /usr/bin/jstatd (jstatd) in auto mode
#9 212.9 update-alternatives: using /usr/lib/jvm/java-21-openjdk-amd64/bin/jwebserver to provide /usr/bin/jwebserver (jwebserver) in auto mode
#9 212.9 update-alternatives: using /usr/lib/jvm/java-21-openjdk-amd64/bin/serialver to provide /usr/bin/serialver (serialver) in auto mode
#9 212.9 update-alternatives: using /usr/lib/jvm/java-21-openjdk-amd64/bin/jhsdb to provide /usr/bin/jhsdb (jhsdb) in auto mode
#9 212.9 Setting up maven (3.9.9-1) ...
#9 213.0 update-alternatives: using /usr/share/maven/bin/mvn to provide /usr/bin/mvn (mvn) in auto mode
#9 213.0 Setting up openjdk-21-jdk:amd64 (21.0.12.1+1-1~deb13u1) ...
#9 213.0 update-alternatives: using /usr/lib/jvm/java-21-openjdk-amd64/bin/jconsole to provide /usr/bin/jconsole (jconsole) in auto mode
#9 DONE 213.4s

#10 [ 6/28] RUN curl -fsSL "https://go.dev/dl/go1.26.4.linux-amd64.tar.gz" -o /tmp/go.tar.gz     && echo "1153d3d50e0ac764b447adfe05c2bcf08e889d42a02e0fe0259bd47f6733ad7f  /tmp/go.tar.gz" | sha256sum -c -     && tar -xzf /tmp/go.tar.gz -C /usr/local     && rm /tmp/go.tar.gz
#10 16.44 /tmp/go.tar.gz: OK
#10 DONE 20.2s

#11 [ 7/28] RUN apt-get update     && apt-get install -y --no-install-recommends build-essential     && rm -rf /var/lib/apt/lists/*     && curl --proto '=https' --tlsv1.2 -fsSL https://static.rust-lang.org/rustup/dist/x86_64-unknown-linux-gnu/rustup-init -o /tmp/rustup-init     && echo "dda7234360b7f578ca8b0ddcb80145646fa61a67c1720a5abc7051b35c9fcb71  /tmp/rustup-init" | sha256sum -c -     && chmod +x /tmp/rustup-init     && /tmp/rustup-init -y --profile minimal --default-toolchain "1.98.1" --no-modify-path     && rm /tmp/rustup-init     && chmod -R a+w "/usr/local/rustup" "/usr/local/cargo"
#11 0.951 Get:1 http://deb.debian.org/debian trixie InRelease [140 kB]
#11 1.634 Get:2 http://deb.debian.org/debian trixie-updates InRelease [47.3 kB]
#11 1.874 Get:3 http://deb.debian.org/debian-security trixie-security InRelease [43.4 kB]
#11 2.121 Get:4 http://deb.debian.org/debian trixie/main amd64 Packages [9678 kB]
#11 11.50 Get:5 http://deb.debian.org/debian trixie-updates/main amd64 Packages [4412 B]
#11 11.82 Get:6 http://deb.debian.org/debian-security trixie-security/main amd64 Packages [264 kB]
#11 12.56 Fetched 10.2 MB in 12s (835 kB/s)
#11 12.56 Reading package lists...
#11 13.92 Reading package lists...
#11 15.25 Building dependency tree...
#11 15.52 Reading state information...
#11 15.90 The following additional packages will be installed:
#11 15.90   binutils binutils-common binutils-x86-64-linux-gnu bzip2 cpp cpp-14
#11 15.90   cpp-14-x86-64-linux-gnu cpp-x86-64-linux-gnu dpkg-dev g++ g++-14
#11 15.90   g++-14-x86-64-linux-gnu g++-x86-64-linux-gnu gcc gcc-14
#11 15.90   gcc-14-x86-64-linux-gnu gcc-x86-64-linux-gnu libasan8 libbinutils
#11 15.90   libc-dev-bin libc6-dev libcc1-0 libcrypt-dev libctf-nobfd0 libctf0
#11 15.90   libdpkg-perl libgcc-14-dev libgomp1 libgprofng0 libhwasan0 libisl23 libitm1
#11 15.90   libjansson4 liblsan0 libmpc3 libmpfr6 libquadmath0 libsframe1
#11 15.90   libstdc++-14-dev libtsan2 libubsan1 linux-libc-dev make patch rpcsvc-proto
#11 15.90   xz-utils
#11 15.91 Suggested packages:
#11 15.91   binutils-doc gprofng-gui binutils-gold bzip2-doc cpp-doc gcc-14-locales
#11 15.91   cpp-14-doc debian-keyring debian-tag2upload-keyring g++-multilib
#11 15.91   g++-14-multilib gcc-14-doc gcc-multilib manpages-dev autoconf automake
#11 15.91   libtool flex bison gdb gcc-doc gcc-14-multilib gdb-x86-64-linux-gnu
#11 15.91   libc-devtools glibc-doc sq | sqop | rsop | gosop | pgpainless-cli | gpg-sq
#11 15.91   | gnupg sensible-utils bzr libstdc++-14-doc make-doc ed diffutils-doc
#11 15.91 Recommended packages:
#11 15.91   fakeroot sq | sqop | rsop | gosop | pgpainless-cli | gpg-sq | gnupg
#11 15.91   libalgorithm-merge-perl manpages manpages-dev libfile-fcntllock-perl
#11 15.91   liblocale-gettext-perl
#11 16.14 The following NEW packages will be installed:
#11 16.14   binutils binutils-common binutils-x86-64-linux-gnu build-essential bzip2 cpp
#11 16.14   cpp-14 cpp-14-x86-64-linux-gnu cpp-x86-64-linux-gnu dpkg-dev g++ g++-14
#11 16.14   g++-14-x86-64-linux-gnu g++-x86-64-linux-gnu gcc gcc-14
#11 16.14   gcc-14-x86-64-linux-gnu gcc-x86-64-linux-gnu libasan8 libbinutils
#11 16.14   libc-dev-bin libc6-dev libcc1-0 libcrypt-dev libctf-nobfd0 libctf0
#11 16.14   libdpkg-perl libgcc-14-dev libgomp1 libgprofng0 libhwasan0 libisl23 libitm1
#11 16.14   libjansson4 liblsan0 libmpc3 libmpfr6 libquadmath0 libsframe1
#11 16.14   libstdc++-14-dev libtsan2 libubsan1 linux-libc-dev make patch rpcsvc-proto
#11 16.14   xz-utils
#11 16.68 0 upgraded, 47 newly installed, 0 to remove and 1 not upgraded.
#11 16.68 Need to get 74.9 MB of archives.
#11 16.68 After this operation, 285 MB of additional disk space will be used.
#11 16.68 Get:1 http://deb.debian.org/debian trixie/main amd64 bzip2 amd64 1.0.8-6 [40.5 kB]
#11 16.95 Get:2 http://deb.debian.org/debian trixie/main amd64 xz-utils amd64 5.8.1-1+deb13u1 [659 kB]
#11 17.70 Get:3 http://deb.debian.org/debian trixie/main amd64 libsframe1 amd64 2.44-3 [78.4 kB]
#11 17.77 Get:4 http://deb.debian.org/debian trixie/main amd64 binutils-common amd64 2.44-3 [2509 kB]
#11 18.52 Get:5 http://deb.debian.org/debian trixie/main amd64 libbinutils amd64 2.44-3 [534 kB]
#11 18.67 Get:6 http://deb.debian.org/debian trixie/main amd64 libgprofng0 amd64 2.44-3 [808 kB]
#11 18.90 Get:7 http://deb.debian.org/debian trixie/main amd64 libctf-nobfd0 amd64 2.44-3 [156 kB]
#11 18.94 Get:8 http://deb.debian.org/debian trixie/main amd64 libctf0 amd64 2.44-3 [88.6 kB]
#11 18.96 Get:9 http://deb.debian.org/debian trixie/main amd64 libjansson4 amd64 2.14-2+b3 [39.8 kB]
#11 18.97 Get:10 http://deb.debian.org/debian trixie/main amd64 binutils-x86-64-linux-gnu amd64 2.44-3 [1014 kB]
#11 19.28 Get:11 http://deb.debian.org/debian trixie/main amd64 binutils amd64 2.44-3 [265 kB]
#11 19.37 Get:12 http://deb.debian.org/debian trixie/main amd64 libc-dev-bin amd64 2.41-12+deb13u4 [60.0 kB]
#11 19.38 Get:13 http://deb.debian.org/debian-security trixie-security/main amd64 linux-libc-dev all 6.12.111-1 [2988 kB]
#11 20.14 Get:14 http://deb.debian.org/debian trixie/main amd64 libcrypt-dev amd64 1:4.4.38-1 [119 kB]
#11 20.20 Get:15 http://deb.debian.org/debian trixie/main amd64 rpcsvc-proto amd64 1.4.3-1 [63.3 kB]
#11 20.21 Get:16 http://deb.debian.org/debian trixie/main amd64 libc6-dev amd64 2.41-12+deb13u4 [1995 kB]
#11 20.72 Get:17 http://deb.debian.org/debian trixie/main amd64 libisl23 amd64 0.27-1 [659 kB]
#11 20.89 Get:18 http://deb.debian.org/debian trixie/main amd64 libmpfr6 amd64 4.2.2-1 [729 kB]
#11 21.09 Get:19 http://deb.debian.org/debian trixie/main amd64 libmpc3 amd64 1.3.1-1+b3 [52.2 kB]
#11 21.10 Get:20 http://deb.debian.org/debian trixie/main amd64 cpp-14-x86-64-linux-gnu amd64 14.2.0-19 [11.0 MB]
#11 23.96 Get:21 http://deb.debian.org/debian trixie/main amd64 cpp-14 amd64 14.2.0-19 [1280 B]
#11 23.96 Get:22 http://deb.debian.org/debian trixie/main amd64 cpp-x86-64-linux-gnu amd64 4:14.2.0-1 [4840 B]
#11 23.96 Get:23 http://deb.debian.org/debian trixie/main amd64 cpp amd64 4:14.2.0-1 [1568 B]
#11 23.96 Get:24 http://deb.debian.org/debian trixie/main amd64 libcc1-0 amd64 14.2.0-19 [42.8 kB]
#11 23.97 Get:25 http://deb.debian.org/debian trixie/main amd64 libgomp1 amd64 14.2.0-19 [137 kB]
#11 24.01 Get:26 http://deb.debian.org/debian trixie/main amd64 libitm1 amd64 14.2.0-19 [26.0 kB]
#11 24.01 Get:27 http://deb.debian.org/debian trixie/main amd64 libasan8 amd64 14.2.0-19 [2725 kB]
#11 24.76 Get:28 http://deb.debian.org/debian trixie/main amd64 liblsan0 amd64 14.2.0-19 [1204 kB]
#11 25.08 Get:29 http://deb.debian.org/debian trixie/main amd64 libtsan2 amd64 14.2.0-19 [2460 kB]
#11 25.83 Get:30 http://deb.debian.org/debian trixie/main amd64 libubsan1 amd64 14.2.0-19 [1074 kB]
#11 26.17 Get:31 http://deb.debian.org/debian trixie/main amd64 libhwasan0 amd64 14.2.0-19 [1488 kB]
#11 26.64 Get:32 http://deb.debian.org/debian trixie/main amd64 libquadmath0 amd64 14.2.0-19 [145 kB]
#11 26.65 Get:33 http://deb.debian.org/debian trixie/main amd64 libgcc-14-dev amd64 14.2.0-19 [2672 kB]
#11 27.94 Get:34 http://deb.debian.org/debian trixie/main amd64 gcc-14-x86-64-linux-gnu amd64 14.2.0-19 [21.4 MB]
#11 34.93 Get:35 http://deb.debian.org/debian trixie/main amd64 gcc-14 amd64 14.2.0-19 [540 kB]
#11 35.07 Get:36 http://deb.debian.org/debian trixie/main amd64 gcc-x86-64-linux-gnu amd64 4:14.2.0-1 [1436 B]
#11 35.07 Get:37 http://deb.debian.org/debian trixie/main amd64 gcc amd64 4:14.2.0-1 [5136 B]
#11 35.28 Get:38 http://deb.debian.org/debian trixie/main amd64 libstdc++-14-dev amd64 14.2.0-19 [2376 kB]
#11 36.21 Get:39 http://deb.debian.org/debian trixie/main amd64 g++-14-x86-64-linux-gnu amd64 14.2.0-19 [12.1 MB]
#11 39.88 Get:40 http://deb.debian.org/debian trixie/main amd64 g++-14 amd64 14.2.0-19 [22.5 kB]
#11 39.89 Get:41 http://deb.debian.org/debian trixie/main amd64 g++-x86-64-linux-gnu amd64 4:14.2.0-1 [1200 B]
#11 39.89 Get:42 http://deb.debian.org/debian trixie/main amd64 g++ amd64 4:14.2.0-1 [1344 B]
#11 39.89 Get:43 http://deb.debian.org/debian trixie/main amd64 make amd64 4.4.1-2 [463 kB]
#11 40.23 Get:44 http://deb.debian.org/debian trixie/main amd64 libdpkg-perl all 1.22.22 [651 kB]
#11 40.64 Get:45 http://deb.debian.org/debian trixie/main amd64 patch amd64 2.8-2 [134 kB]
#11 40.89 Get:46 http://deb.debian.org/debian trixie/main amd64 dpkg-dev all 1.22.22 [1337 kB]
#11 41.26 Get:47 http://deb.debian.org/debian trixie/main amd64 build-essential amd64 12.12 [4624 B]
#11 41.68 debconf: unable to initialize frontend: Dialog
#11 41.68 debconf: (TERM is not set, so the dialog frontend is not usable.)
#11 41.68 debconf: falling back to frontend: Readline
#11 41.69 debconf: unable to initialize frontend: Readline
#11 41.69 debconf: (This frontend requires a controlling tty.)
#11 41.69 debconf: falling back to frontend: Teletype
#11 41.69 debconf: unable to initialize frontend: Teletype
#11 41.69 debconf: (This frontend requires a controlling tty.)
#11 41.69 debconf: falling back to frontend: Noninteractive
#11 45.31 Fetched 74.9 MB in 25s (2987 kB/s)
#11 45.78 Selecting previously unselected package bzip2.
#11 45.78 (Reading database ... 
(Reading database ... 5%
(Reading database ... 10%
(Reading database ... 15%
(Reading database ... 20%
(Reading database ... 25%
(Reading database ... 30%
(Reading database ... 35%
(Reading database ... 40%
(Reading database ... 45%
(Reading database ... 50%
(Reading database ... 55%
(Reading database ... 60%
(Reading database ... 65%
(Reading database ... 70%
(Reading database ... 75%
(Reading database ... 80%
(Reading database ... 85%
(Reading database ... 90%
(Reading database ... 95%
(Reading database ... 100%
(Reading database ... 16054 files and directories currently installed.)
#11 45.80 Preparing to unpack .../00-bzip2_1.0.8-6_amd64.deb ...
#11 46.02 Unpacking bzip2 (1.0.8-6) ...
#11 46.82 Selecting previously unselected package xz-utils.
#11 46.82 Preparing to unpack .../01-xz-utils_5.8.1-1+deb13u1_amd64.deb ...
#11 47.03 Unpacking xz-utils (5.8.1-1+deb13u1) ...
#11 48.30 Selecting previously unselected package libsframe1:amd64.
#11 48.30 Preparing to unpack .../02-libsframe1_2.44-3_amd64.deb ...
#11 48.67 Unpacking libsframe1:amd64 (2.44-3) ...
#11 49.57 Selecting previously unselected package binutils-common:amd64.
#11 49.57 Preparing to unpack .../03-binutils-common_2.44-3_amd64.deb ...
#11 49.67 Unpacking binutils-common:amd64 (2.44-3) ...
#11 50.79 Selecting previously unselected package libbinutils:amd64.
#11 50.79 Preparing to unpack .../04-libbinutils_2.44-3_amd64.deb ...
#11 50.96 Unpacking libbinutils:amd64 (2.44-3) ...
#11 51.39 Selecting previously unselected package libgprofng0:amd64.
#11 51.39 Preparing to unpack .../05-libgprofng0_2.44-3_amd64.deb ...
#11 51.43 Unpacking libgprofng0:amd64 (2.44-3) ...
#11 52.32 Selecting previously unselected package libctf-nobfd0:amd64.
#11 52.32 Preparing to unpack .../06-libctf-nobfd0_2.44-3_amd64.deb ...
#11 52.37 Unpacking libctf-nobfd0:amd64 (2.44-3) ...
#11 52.99 Selecting previously unselected package libctf0:amd64.
#11 52.99 Preparing to unpack .../07-libctf0_2.44-3_amd64.deb ...
#11 53.16 Unpacking libctf0:amd64 (2.44-3) ...
#11 54.09 Selecting previously unselected package libjansson4:amd64.
#11 54.09 Preparing to unpack .../08-libjansson4_2.14-2+b3_amd64.deb ...
#11 54.28 Unpacking libjansson4:amd64 (2.14-2+b3) ...
#11 54.79 Selecting previously unselected package binutils-x86-64-linux-gnu.
#11 54.79 Preparing to unpack .../09-binutils-x86-64-linux-gnu_2.44-3_amd64.deb ...
#11 54.86 Unpacking binutils-x86-64-linux-gnu (2.44-3) ...
#11 55.35 Selecting previously unselected package binutils.
#11 55.36 Preparing to unpack .../10-binutils_2.44-3_amd64.deb ...
#11 55.39 Unpacking binutils (2.44-3) ...
#11 56.14 Selecting previously unselected package libc-dev-bin.
#11 56.14 Preparing to unpack .../11-libc-dev-bin_2.41-12+deb13u4_amd64.deb ...
#11 56.23 Unpacking libc-dev-bin (2.41-12+deb13u4) ...
#11 56.64 Selecting previously unselected package linux-libc-dev.
#11 56.64 Preparing to unpack .../12-linux-libc-dev_6.12.111-1_all.deb ...
#11 56.79 Unpacking linux-libc-dev (6.12.111-1) ...
#11 58.93 Selecting previously unselected package libcrypt-dev:amd64.
#11 58.93 Preparing to unpack .../13-libcrypt-dev_1%3a4.4.38-1_amd64.deb ...
#11 59.04 Unpacking libcrypt-dev:amd64 (1:4.4.38-1) ...
#11 60.17 Selecting previously unselected package rpcsvc-proto.
#11 60.17 Preparing to unpack .../14-rpcsvc-proto_1.4.3-1_amd64.deb ...
#11 60.39 Unpacking rpcsvc-proto (1.4.3-1) ...
#11 61.76 Selecting previously unselected package libc6-dev:amd64.
#11 61.76 Preparing to unpack .../15-libc6-dev_2.41-12+deb13u4_amd64.deb ...
#11 62.02 Unpacking libc6-dev:amd64 (2.41-12+deb13u4) ...
#11 63.74 Selecting previously unselected package libisl23:amd64.
#11 63.75 Preparing to unpack .../16-libisl23_0.27-1_amd64.deb ...
#11 63.77 Unpacking libisl23:amd64 (0.27-1) ...
#11 64.09 Selecting previously unselected package libmpfr6:amd64.
#11 64.09 Preparing to unpack .../17-libmpfr6_4.2.2-1_amd64.deb ...
#11 64.12 Unpacking libmpfr6:amd64 (4.2.2-1) ...
#11 64.44 Selecting previously unselected package libmpc3:amd64.
#11 64.44 Preparing to unpack .../18-libmpc3_1.3.1-1+b3_amd64.deb ...
#11 64.74 Unpacking libmpc3:amd64 (1.3.1-1+b3) ...
#11 64.99 Selecting previously unselected package cpp-14-x86-64-linux-gnu.
#11 64.99 Preparing to unpack .../19-cpp-14-x86-64-linux-gnu_14.2.0-19_amd64.deb ...
#11 65.03 Unpacking cpp-14-x86-64-linux-gnu (14.2.0-19) ...
#11 67.19 Selecting previously unselected package cpp-14.
#11 67.19 Preparing to unpack .../20-cpp-14_14.2.0-19_amd64.deb ...
#11 67.46 Unpacking cpp-14 (14.2.0-19) ...
#11 68.25 Selecting previously unselected package cpp-x86-64-linux-gnu.
#11 68.25 Preparing to unpack .../21-cpp-x86-64-linux-gnu_4%3a14.2.0-1_amd64.deb ...
#11 68.37 Unpacking cpp-x86-64-linux-gnu (4:14.2.0-1) ...
#11 69.34 Selecting previously unselected package cpp.
#11 69.35 Preparing to unpack .../22-cpp_4%3a14.2.0-1_amd64.deb ...
#11 69.46 Unpacking cpp (4:14.2.0-1) ...
#11 69.97 Selecting previously unselected package libcc1-0:amd64.
#11 69.98 Preparing to unpack .../23-libcc1-0_14.2.0-19_amd64.deb ...
#11 70.13 Unpacking libcc1-0:amd64 (14.2.0-19) ...
#11 71.07 Selecting previously unselected package libgomp1:amd64.
#11 71.08 Preparing to unpack .../24-libgomp1_14.2.0-19_amd64.deb ...
#11 71.12 Unpacking libgomp1:amd64 (14.2.0-19) ...
#11 72.15 Selecting previously unselected package libitm1:amd64.
#11 72.15 Preparing to unpack .../25-libitm1_14.2.0-19_amd64.deb ...
#11 72.33 Unpacking libitm1:amd64 (14.2.0-19) ...
#11 73.62 Selecting previously unselected package libasan8:amd64.
#11 73.62 Preparing to unpack .../26-libasan8_14.2.0-19_amd64.deb ...
#11 73.96 Unpacking libasan8:amd64 (14.2.0-19) ...
#11 75.01 Selecting previously unselected package liblsan0:amd64.
#11 75.01 Preparing to unpack .../27-liblsan0_14.2.0-19_amd64.deb ...
#11 75.04 Unpacking liblsan0:amd64 (14.2.0-19) ...
#11 76.38 Selecting previously unselected package libtsan2:amd64.
#11 76.38 Preparing to unpack .../28-libtsan2_14.2.0-19_amd64.deb ...
#11 76.74 Unpacking libtsan2:amd64 (14.2.0-19) ...
#11 77.99 Selecting previously unselected package libubsan1:amd64.
#11 77.99 Preparing to unpack .../29-libubsan1_14.2.0-19_amd64.deb ...
#11 78.16 Unpacking libubsan1:amd64 (14.2.0-19) ...
#11 78.66 Selecting previously unselected package libhwasan0:amd64.
#11 78.66 Preparing to unpack .../30-libhwasan0_14.2.0-19_amd64.deb ...
#11 78.68 Unpacking libhwasan0:amd64 (14.2.0-19) ...
#11 79.27 Selecting previously unselected package libquadmath0:amd64.
#11 79.27 Preparing to unpack .../31-libquadmath0_14.2.0-19_amd64.deb ...
#11 79.30 Unpacking libquadmath0:amd64 (14.2.0-19) ...
#11 79.62 Selecting previously unselected package libgcc-14-dev:amd64.
#11 79.62 Preparing to unpack .../32-libgcc-14-dev_14.2.0-19_amd64.deb ...
#11 79.66 Unpacking libgcc-14-dev:amd64 (14.2.0-19) ...
#11 80.23 Selecting previously unselected package gcc-14-x86-64-linux-gnu.
#11 80.23 Preparing to unpack .../33-gcc-14-x86-64-linux-gnu_14.2.0-19_amd64.deb ...
#11 80.29 Unpacking gcc-14-x86-64-linux-gnu (14.2.0-19) ...
#11 81.84 Selecting previously unselected package gcc-14.
#11 81.85 Preparing to unpack .../34-gcc-14_14.2.0-19_amd64.deb ...
#11 81.91 Unpacking gcc-14 (14.2.0-19) ...
#11 82.20 Selecting previously unselected package gcc-x86-64-linux-gnu.
#11 82.20 Preparing to unpack .../35-gcc-x86-64-linux-gnu_4%3a14.2.0-1_amd64.deb ...
#11 82.24 Unpacking gcc-x86-64-linux-gnu (4:14.2.0-1) ...
#11 82.55 Selecting previously unselected package gcc.
#11 82.55 Preparing to unpack .../36-gcc_4%3a14.2.0-1_amd64.deb ...
#11 82.61 Unpacking gcc (4:14.2.0-1) ...
#11 82.89 Selecting previously unselected package libstdc++-14-dev:amd64.
#11 82.90 Preparing to unpack .../37-libstdc++-14-dev_14.2.0-19_amd64.deb ...
#11 82.93 Unpacking libstdc++-14-dev:amd64 (14.2.0-19) ...
#11 83.87 Selecting previously unselected package g++-14-x86-64-linux-gnu.
#11 83.87 Preparing to unpack .../38-g++-14-x86-64-linux-gnu_14.2.0-19_amd64.deb ...
#11 84.15 Unpacking g++-14-x86-64-linux-gnu (14.2.0-19) ...
#11 87.14 Selecting previously unselected package g++-14.
#11 87.15 Preparing to unpack .../39-g++-14_14.2.0-19_amd64.deb ...
#11 87.31 Unpacking g++-14 (14.2.0-19) ...
#11 88.26 Selecting previously unselected package g++-x86-64-linux-gnu.
#11 88.27 Preparing to unpack .../40-g++-x86-64-linux-gnu_4%3a14.2.0-1_amd64.deb ...
#11 88.34 Unpacking g++-x86-64-linux-gnu (4:14.2.0-1) ...
#11 88.85 Selecting previously unselected package g++.
#11 88.85 Preparing to unpack .../41-g++_4%3a14.2.0-1_amd64.deb ...
#11 88.90 Unpacking g++ (4:14.2.0-1) ...
#11 89.17 Selecting previously unselected package make.
#11 89.17 Preparing to unpack .../42-make_4.4.1-2_amd64.deb ...
#11 89.21 Unpacking make (4.4.1-2) ...
#11 89.61 Selecting previously unselected package libdpkg-perl.
#11 89.62 Preparing to unpack .../43-libdpkg-perl_1.22.22_all.deb ...
#11 89.71 Unpacking libdpkg-perl (1.22.22) ...
#11 90.07 Selecting previously unselected package patch.
#11 90.08 Preparing to unpack .../44-patch_2.8-2_amd64.deb ...
#11 90.15 Unpacking patch (2.8-2) ...
#11 90.46 Selecting previously unselected package dpkg-dev.
#11 90.46 Preparing to unpack .../45-dpkg-dev_1.22.22_all.deb ...
#11 90.51 Unpacking dpkg-dev (1.22.22) ...
#11 90.81 Selecting previously unselected package build-essential.
#11 90.81 Preparing to unpack .../46-build-essential_12.12_amd64.deb ...
#11 90.84 Unpacking build-essential (12.12) ...
#11 91.03 Setting up binutils-common:amd64 (2.44-3) ...
#11 91.07 Setting up linux-libc-dev (6.12.111-1) ...
#11 91.10 Setting up libctf-nobfd0:amd64 (2.44-3) ...
#11 91.14 Setting up libgomp1:amd64 (14.2.0-19) ...
#11 91.20 Setting up bzip2 (1.0.8-6) ...
#11 91.24 Setting up libsframe1:amd64 (2.44-3) ...
#11 91.26 Setting up libjansson4:amd64 (2.14-2+b3) ...
#11 91.29 Setting up rpcsvc-proto (1.4.3-1) ...
#11 91.32 Setting up make (4.4.1-2) ...
#11 91.34 Setting up libmpfr6:amd64 (4.2.2-1) ...
#11 91.37 Setting up xz-utils (5.8.1-1+deb13u1) ...
#11 91.39 update-alternatives: using /usr/bin/xz to provide /usr/bin/lzma (lzma) in auto mode
#11 91.39 update-alternatives: warning: skip creation of /usr/share/man/man1/lzma.1.gz because associated file /usr/share/man/man1/xz.1.gz (of link group lzma) doesn't exist
#11 91.39 update-alternatives: warning: skip creation of /usr/share/man/man1/unlzma.1.gz because associated file /usr/share/man/man1/unxz.1.gz (of link group lzma) doesn't exist
#11 91.39 update-alternatives: warning: skip creation of /usr/share/man/man1/lzcat.1.gz because associated file /usr/share/man/man1/xzcat.1.gz (of link group lzma) doesn't exist
#11 91.39 update-alternatives: warning: skip creation of /usr/share/man/man1/lzmore.1.gz because associated file /usr/share/man/man1/xzmore.1.gz (of link group lzma) doesn't exist
#11 91.39 update-alternatives: warning: skip creation of /usr/share/man/man1/lzless.1.gz because associated file /usr/share/man/man1/xzless.1.gz (of link group lzma) doesn't exist
#11 91.39 update-alternatives: warning: skip creation of /usr/share/man/man1/lzdiff.1.gz because associated file /usr/share/man/man1/xzdiff.1.gz (of link group lzma) doesn't exist
#11 91.39 update-alternatives: warning: skip creation of /usr/share/man/man1/lzcmp.1.gz because associated file /usr/share/man/man1/xzcmp.1.gz (of link group lzma) doesn't exist
#11 91.39 update-alternatives: warning: skip creation of /usr/share/man/man1/lzgrep.1.gz because associated file /usr/share/man/man1/xzgrep.1.gz (of link group lzma) doesn't exist
#11 91.39 update-alternatives: warning: skip creation of /usr/share/man/man1/lzegrep.1.gz because associated file /usr/share/man/man1/xzegrep.1.gz (of link group lzma) doesn't exist
#11 91.39 update-alternatives: warning: skip creation of /usr/share/man/man1/lzfgrep.1.gz because associated file /usr/share/man/man1/xzfgrep.1.gz (of link group lzma) doesn't exist
#11 91.40 Setting up libquadmath0:amd64 (14.2.0-19) ...
#11 91.43 Setting up libmpc3:amd64 (1.3.1-1+b3) ...
#11 91.45 Setting up patch (2.8-2) ...
#11 91.47 Setting up libdpkg-perl (1.22.22) ...
#11 91.49 Setting up libubsan1:amd64 (14.2.0-19) ...
#11 91.52 Setting up libhwasan0:amd64 (14.2.0-19) ...
#11 91.54 Setting up libcrypt-dev:amd64 (1:4.4.38-1) ...
#11 91.57 Setting up libasan8:amd64 (14.2.0-19) ...
#11 91.60 Setting up libtsan2:amd64 (14.2.0-19) ...
#11 91.62 Setting up libbinutils:amd64 (2.44-3) ...
#11 91.65 Setting up libisl23:amd64 (0.27-1) ...
#11 91.67 Setting up libc-dev-bin (2.41-12+deb13u4) ...
#11 91.70 Setting up libcc1-0:amd64 (14.2.0-19) ...
#11 91.72 Setting up liblsan0:amd64 (14.2.0-19) ...
#11 91.74 Setting up libitm1:amd64 (14.2.0-19) ...
#11 91.76 Setting up libctf0:amd64 (2.44-3) ...
#11 91.78 Setting up libgprofng0:amd64 (2.44-3) ...
#11 91.80 Setting up cpp-14-x86-64-linux-gnu (14.2.0-19) ...
#11 91.82 Setting up cpp-14 (14.2.0-19) ...
#11 91.85 Setting up libc6-dev:amd64 (2.41-12+deb13u4) ...
#11 91.87 Setting up libgcc-14-dev:amd64 (14.2.0-19) ...
#11 91.89 Setting up libstdc++-14-dev:amd64 (14.2.0-19) ...
#11 91.91 Setting up binutils-x86-64-linux-gnu (2.44-3) ...
#11 91.93 Setting up cpp-x86-64-linux-gnu (4:14.2.0-1) ...
#11 91.96 Setting up binutils (2.44-3) ...
#11 91.99 Setting up dpkg-dev (1.22.22) ...
#11 92.03 Setting up cpp (4:14.2.0-1) ...
#11 92.07 Setting up gcc-14-x86-64-linux-gnu (14.2.0-19) ...
#11 92.09 Setting up gcc-x86-64-linux-gnu (4:14.2.0-1) ...
#11 92.12 Setting up gcc-14 (14.2.0-19) ...
#11 92.14 Setting up g++-14-x86-64-linux-gnu (14.2.0-19) ...
#11 92.17 Setting up g++-x86-64-linux-gnu (4:14.2.0-1) ...
#11 92.20 Setting up g++-14 (14.2.0-19) ...
#11 92.22 Setting up gcc (4:14.2.0-1) ...
#11 92.27 Setting up g++ (4:14.2.0-1) ...
#11 92.29 update-alternatives: using /usr/bin/g++ to provide /usr/bin/c++ (c++) in auto mode
#11 92.30 Setting up build-essential (12.12) ...
#11 92.32 Processing triggers for libc-bin (2.41-12+deb13u4) ...
#11 98.63 /tmp/rustup-init: OK
#11 98.66 info: profile set to minimal
#11 98.66 info: default host tuple is x86_64-unknown-linux-gnu
#11 98.66 info: syncing channel updates for 1.98.1-x86_64-unknown-linux-gnu
#11 101.2 info: latest update on 2026-09-03 for version 1.98.1 (48a229cea 2026-09-01)
#11 101.2 info: downloading 3 components
#11 134.9 
#11 134.9 info: default toolchain set to 1.98.1-x86_64-unknown-linux-gnu
#11 134.9   1.98.1-x86_64-unknown-linux-gnu installed - rustc 1.98.1 (48a229cea 2026-09-01)
#11 134.9 
#11 134.9 
#11 134.9 Rust is installed now. Great!
#11 134.9 
#11 134.9 To get started you need Cargo's bin directory (/usr/local/cargo/bin) in your 
#11 134.9 PATH
#11 134.9 environment variable. This has not been done automatically.
#11 134.9 
#11 134.9 To configure your current shell, you need to source
#11 134.9 the corresponding env file under /usr/local/cargo.
#11 134.9 
#11 134.9 Consider running the right command for your shell (note the leading DOT):
#11 134.9 . "/usr/local/cargo/env" # For sh/ash/dash/pdksh/bash
#11 134.9 cargo:rerun-if-env-changed=CC_x86_64-unknown-linux-gnu
#11 134.9 CC_x86_64-unknown-linux-gnu = None
#11 134.9 cargo:rerun-if-env-changed=CC_x86_64_unknown_linux_gnu
#11 134.9 CC_x86_64_unknown_linux_gnu = None
#11 134.9 cargo:rerun-if-env-changed=HOST_CC
#11 134.9 HOST_CC = None
#11 134.9 cargo:rerun-if-env-changed=CC
#11 134.9 CC = None
#11 134.9 cargo:rerun-if-env-changed=CC_ENABLE_DEBUG_OUTPUT
#11 134.9 cargo:rerun-if-env-changed=CRATE_CC_NO_DEFAULTS
#11 134.9 CRATE_CC_NO_DEFAULTS = None
#11 134.9 cargo:rerun-if-env-changed=CFLAGS
#11 134.9 CFLAGS = None
#11 134.9 cargo:rerun-if-env-changed=HOST_CFLAGS
#11 134.9 HOST_CFLAGS = None
#11 134.9 cargo:rerun-if-env-changed=CFLAGS_x86_64_unknown_linux_gnu
#11 134.9 CFLAGS_x86_64_unknown_linux_gnu = None
#11 134.9 cargo:rerun-if-env-changed=CFLAGS_x86_64-unknown-linux-gnu
#11 134.9 CFLAGS_x86_64-unknown-linux-gnu = None
#11 DONE 135.1s

#12 [ 8/28] COPY requirements.lock ./requirements.lock
#12 DONE 0.1s

#13 [ 9/28] RUN pip install --no-cache-dir --require-hashes -r requirements.lock
#13 2.139 Ignoring colorama: markers 'sys_platform == "win32"' don't match your environment
#13 2.139 Ignoring httpx2-jsfetch: markers 'sys_platform == "emscripten"' don't match your environment
#13 2.139 Ignoring pywin32: markers 'sys_platform == "win32"' don't match your environment
#13 2.792 Collecting annotated-types==0.8.0 (from -r requirements.lock (line 3))
#13 3.449   Downloading annotated_types-0.8.0-py3-none-any.whl (13 kB)
#13 3.750 Collecting anyio==4.15.1 (from -r requirements.lock (line 7))
#13 3.959   Downloading anyio-4.15.1-py3-none-any.whl (132 kB)
#13 4.908 Collecting ast-serialize==0.11.1 (from -r requirements.lock (line 15))
#13 5.116   Downloading ast_serialize-0.11.1-cp39-abi3-manylinux_2_17_x86_64.manylinux2014_x86_64.whl (1.3 MB)
#13 5.832      ━━━━━━━━━━━━━━━━━━━━━━━━━━━━━━━━━━━━━━━━ 1.3/1.3 MB 2.3 MB/s  0:00:00
#13 6.055 Collecting attrs==26.1.0 (from -r requirements.lock (line 74))
#13 6.264   Downloading attrs-26.1.0-py3-none-any.whl (67 kB)
#13 6.818 Collecting cffi==2.1.1 (from -r requirements.lock (line 80))
#13 7.027   Downloading cffi-2.1.1-cp313-cp313-manylinux2014_x86_64.manylinux_2_17_x86_64.whl (221 kB)
#13 7.268 Collecting click==8.5.0 (from -r requirements.lock (line 182))
#13 7.478   Downloading click-8.5.0-py3-none-any.whl (125 kB)
#13 8.060 Collecting cryptography==50.0.1 (from -r requirements.lock (line 190))
#13 8.270   Downloading cryptography-50.0.1-cp311-abi3-manylinux_2_34_x86_64.whl (4.7 MB)
#13 8.873      ━━━━━━━━━━━━━━━━━━━━━━━━━━━━━━━━━━━━━━━━ 4.7/4.7 MB 7.8 MB/s  0:00:00
#13 9.090 Collecting h11==0.16.0 (from -r requirements.lock (line 238))
#13 9.298   Downloading h11-0.16.0-py3-none-any.whl (37 kB)
#13 9.515 Collecting httpcore2==2.12.0 (from -r requirements.lock (line 244))
#13 9.725   Downloading httpcore2-2.12.0-py3-none-any.whl (83 kB)
#13 9.946 Collecting httpx2==2.12.0 (from -r requirements.lock (line 248))
#13 10.16   Downloading httpx2-2.12.0-py3-none-any.whl (95 kB)
#13 10.39 Collecting idna==3.19 (from -r requirements.lock (line 256))
#13 10.60   Downloading idna-3.19-py3-none-any.whl (68 kB)
#13 10.82 Collecting iniconfig==2.3.0 (from -r requirements.lock (line 262))
#13 11.03   Downloading iniconfig-2.3.0-py3-none-any.whl (7.5 kB)
#13 11.25 Collecting jsonschema==4.26.0 (from -r requirements.lock (line 266))
#13 11.45   Downloading jsonschema-4.26.0-py3-none-any.whl (90 kB)
#13 11.68 Collecting jsonschema-specifications==2025.9.1 (from -r requirements.lock (line 272))
#13 11.89   Downloading jsonschema_specifications-2025.9.1-py3-none-any.whl (18 kB)
#13 12.22 Collecting librt==0.15.0 (from -r requirements.lock (line 276))
#13 12.42   Downloading librt-0.15.0-cp313-cp313-manylinux2014_x86_64.manylinux_2_17_x86_64.manylinux_2_28_x86_64.whl (531 kB)
#13 12.47      ━━━━━━━━━━━━━━━━━━━━━━━━━━━━━━━━━━━━━━━━ 531.7/531.7 kB 15.1 MB/s  0:00:00
#13 12.70 Collecting mcp==2.2.0 (from -r requirements.lock (line 415))
#13 12.91   Downloading mcp-2.2.0-py3-none-any.whl (365 kB)
#13 13.16 Collecting mcp-types==2.2.0 (from -r requirements.lock (line 419))
#13 13.37   Downloading mcp_types-2.2.0-py3-none-any.whl (69 kB)
#13 13.71 Collecting mypy==2.3.1 (from -r requirements.lock (line 423))
#13 13.92   Downloading mypy-2.3.1-cp313-cp313-manylinux2014_x86_64.manylinux_2_17_x86_64.manylinux_2_28_x86_64.whl (15.2 MB)
#13 16.17      ━━━━━━━━━━━━━━━━━━━━━━━━━━━━━━━━━━━━━━━━ 15.2/15.2 MB 6.7 MB/s  0:00:02
#13 16.40 Collecting mypy-extensions==1.1.0 (from -r requirements.lock (line 477))
#13 16.62   Downloading mypy_extensions-1.1.0-py3-none-any.whl (5.0 kB)
#13 16.88 Collecting opentelemetry-api==1.44.0 (from -r requirements.lock (line 481))
#13 17.11   Downloading opentelemetry_api-1.44.0-py3-none-any.whl (60 kB)
#13 17.37 Collecting packaging==26.3 (from -r requirements.lock (line 485))
#13 17.58   Downloading packaging-26.3-py3-none-any.whl (129 kB)
#13 17.82 Collecting pathspec==1.1.1 (from -r requirements.lock (line 489))
#13 18.03   Downloading pathspec-1.1.1-py3-none-any.whl (57 kB)
#13 18.25 Collecting pluggy==1.6.0 (from -r requirements.lock (line 493))
#13 18.46   Downloading pluggy-1.6.0-py3-none-any.whl (20 kB)
#13 18.68 Collecting pycparser==3.0 (from -r requirements.lock (line 497))
#13 18.88   Downloading pycparser-3.0-py3-none-any.whl (48 kB)
#13 19.21 Collecting pydantic==2.13.5 (from -r requirements.lock (line 501))
#13 19.42   Downloading pydantic-2.13.5-py3-none-any.whl (472 kB)
#13 20.60 Collecting pydantic-core==2.46.5 (from -r requirements.lock (line 507))
#13 20.81   Downloading pydantic_core-2.46.5-cp313-cp313-manylinux_2_17_x86_64.manylinux2014_x86_64.whl (2.1 MB)
#13 21.28      ━━━━━━━━━━━━━━━━━━━━━━━━━━━━━━━━━━━━━━━━ 2.1/2.1 MB 4.3 MB/s  0:00:00
#13 21.50 Collecting pygments==2.21.0 (from -r requirements.lock (line 629))
#13 21.71   Downloading pygments-2.21.0-py3-none-any.whl (1.3 MB)
#13 22.01      ━━━━━━━━━━━━━━━━━━━━━━━━━━━━━━━━━━━━━━━━ 1.3/1.3 MB 4.1 MB/s  0:00:00
#13 22.23 Collecting pyjwt==2.13.0 (from -r requirements.lock (line 633))
#13 22.43   Downloading pyjwt-2.13.0-py3-none-any.whl (31 kB)
#13 22.67 Collecting pytest==9.1.1 (from -r requirements.lock (line 637))
#13 22.88   Downloading pytest-9.1.1-py3-none-any.whl (386 kB)
#13 23.17 Collecting python-multipart==0.0.32 (from -r requirements.lock (line 641))
#13 23.38   Downloading python_multipart-0.0.32-py3-none-any.whl (30 kB)
#13 23.63 Collecting pyyaml==6.0.3 (from -r requirements.lock (line 668))
#13 23.84   Downloading pyyaml-6.0.3-cp313-cp313-manylinux2014_x86_64.manylinux_2_17_x86_64.manylinux_2_28_x86_64.whl (801 kB)
#13 23.98      ━━━━━━━━━━━━━━━━━━━━━━━━━━━━━━━━━━━━━━━━ 801.6/801.6 kB 5.6 MB/s  0:00:00
#13 24.21 Collecting referencing==0.37.0 (from -r requirements.lock (line 743))
#13 24.42   Downloading referencing-0.37.0-py3-none-any.whl (26 kB)
#13 24.88 Collecting rpds-py==2026.6.3 (from -r requirements.lock (line 749))
#13 25.09   Downloading rpds_py-2026.6.3-cp313-cp313-manylinux_2_17_x86_64.manylinux2014_x86_64.whl (365 kB)
#13 25.74 Collecting ruff==0.16.6 (from -r requirements.lock (line 869))
#13 25.95   Downloading ruff-0.16.6-py3-none-manylinux_2_17_x86_64.manylinux2014_x86_64.whl (10.3 MB)
#13 28.08      ━━━━━━━━━━━━━━━━━━━━━━━━━━━━━━━━━━━━━━━━ 10.3/10.3 MB 4.8 MB/s  0:00:02
#13 28.31 Collecting sse-starlette==3.4.11 (from -r requirements.lock (line 889))
#13 28.52   Downloading sse_starlette-3.4.11-py3-none-any.whl (17 kB)
#13 28.74 Collecting starlette==1.6.0 (from -r requirements.lock (line 893))
#13 28.95   Downloading starlette-1.6.0-py3-none-any.whl (75 kB)
#13 29.22 Collecting tree-sitter==0.26.0 (from -r requirements.lock (line 899))
#13 29.42   Downloading tree_sitter-0.26.0-cp313-cp313-manylinux2014_x86_64.manylinux_2_17_x86_64.manylinux_2_28_x86_64.whl (668 kB)
#13 29.54      ━━━━━━━━━━━━━━━━━━━━━━━━━━━━━━━━━━━━━━━━ 668.1/668.1 kB 6.2 MB/s  0:00:00
#13 29.76 Collecting tree-sitter-c-sharp==0.23.5 (from -r requirements.lock (line 944))
#13 29.96   Downloading tree_sitter_c_sharp-0.23.5-cp310-abi3-manylinux1_x86_64.manylinux_2_28_x86_64.manylinux_2_5_x86_64.whl (358 kB)
#13 30.27 Collecting tree-sitter-language-pack==1.16.1 (from -r requirements.lock (line 955))
#13 30.48   Downloading tree_sitter_language_pack-1.16.1-cp310-abi3-manylinux_2_34_x86_64.whl (2.4 MB)
#13 30.99      ━━━━━━━━━━━━━━━━━━━━━━━━━━━━━━━━━━━━━━━━ 2.4/2.4 MB 4.7 MB/s  0:00:00
#13 31.20 Collecting truststore==0.10.4 (from -r requirements.lock (line 964))
#13 31.41   Downloading truststore-0.10.4-py3-none-any.whl (18 kB)
#13 31.62 Collecting typing-extensions==4.16.0 (from -r requirements.lock (line 970))
#13 31.83   Downloading typing_extensions-4.16.0-py3-none-any.whl (45 kB)
#13 32.05 Collecting typing-inspection==0.4.4 (from -r requirements.lock (line 982))
#13 32.26   Downloading typing_inspection-0.4.4-py3-none-any.whl (14 kB)
#13 32.49 Collecting uvicorn==0.52.4 (from -r requirements.lock (line 988))
#13 32.70   Downloading uvicorn-0.52.4-py3-none-any.whl (79 kB)
#13 32.88 Installing collected packages: typing-extensions, truststore, tree-sitter-c-sharp, tree-sitter, ruff, rpds-py, pyyaml, python-multipart, pyjwt, pygments, pycparser, pluggy, pathspec, packaging, mypy-extensions, librt, iniconfig, idna, h11, click, attrs, ast-serialize, annotated-types, uvicorn, typing-inspection, tree-sitter-language-pack, referencing, pytest, pydantic-core, opentelemetry-api, mypy, httpcore2, cffi, anyio, starlette, pydantic, jsonschema-specifications, httpx2, cryptography, sse-starlette, mcp-types, jsonschema, mcp
#13 36.87 
#13 36.87 Successfully installed annotated-types-0.8.0 anyio-4.15.1 ast-serialize-0.11.1 attrs-26.1.0 cffi-2.1.1 click-8.5.0 cryptography-50.0.1 h11-0.16.0 httpcore2-2.12.0 httpx2-2.12.0 idna-3.19 iniconfig-2.3.0 jsonschema-4.26.0 jsonschema-specifications-2025.9.1 librt-0.15.0 mcp-2.2.0 mcp-types-2.2.0 mypy-2.3.1 mypy-extensions-1.1.0 opentelemetry-api-1.44.0 packaging-26.3 pathspec-1.1.1 pluggy-1.6.0 pycparser-3.0 pydantic-2.13.5 pydantic-core-2.46.5 pygments-2.21.0 pyjwt-2.13.0 pytest-9.1.1 python-multipart-0.0.32 pyyaml-6.0.3 referencing-0.37.0 rpds-py-2026.6.3 ruff-0.16.6 sse-starlette-3.4.11 starlette-1.6.0 tree-sitter-0.26.0 tree-sitter-c-sharp-0.23.5 tree-sitter-language-pack-1.16.1 truststore-0.10.4 typing-extensions-4.16.0 typing-inspection-0.4.4 uvicorn-0.52.4
#13 36.87 WARNING: Running pip as the 'root' user can result in broken permissions and conflicting behaviour with the system package manager, possibly rendering your system unusable. It is recommended to use a virtual environment instead: https://pip.pypa.io/warnings/venv. Use the --root-user-action option if you know what you are doing and want to suppress this warning.
#13 DONE 37.1s

#14 [10/28] RUN python -c "from tree_sitter_language_pack import get_parser as g; names = ('python', 'rust', 'csharp', 'typescript', 'java', 'cpp', 'go'); [g(n) for n in names]; print('baked tree-sitter grammars:', ' '.join(names))"     && chown -R 10001:10001 /opt/tree-sitter-cache     && chmod -R a+rX /opt/tree-sitter-cache
#14 9.251 baked tree-sitter grammars: python rust csharp typescript java cpp go
#14 DONE 9.3s

#15 [11/28] COPY src/ ./src/
#15 DONE 0.1s

#16 [12/28] COPY config/ ./config/
#16 DONE 0.1s

#17 [13/28] COPY infra/ingest.py ./infra/ingest.py
#17 DONE 0.1s

#18 [14/28] COPY infra/build_chunks.py ./infra/build_chunks.py
#18 DONE 0.1s

#19 [15/28] COPY tests/fixtures/pdf_net/api_surface.json ./fixtures/pdf_net/api_surface.json
#19 DONE 0.1s

#20 [16/28] COPY tests/fixtures/furnished/pdf_net/pages/_index.md ./fixtures/furnished/pdf_net/pages/_index.md
#20 DONE 0.1s

#21 [17/28] COPY tests/fixtures/pdf_typescript/api_surface.json ./fixtures/pdf_typescript/api_surface.json
#21 DONE 0.1s

#22 [18/28] COPY tests/fixtures/furnished/pdf_typescript/pages/_index.md ./fixtures/furnished/pdf_typescript/pages/_index.md
#22 DONE 0.1s

#23 [19/28] COPY tests/fixtures/pdf_java/api_surface.json ./fixtures/pdf_java/api_surface.json
#23 DONE 0.1s

#24 [20/28] COPY tests/fixtures/furnished/pdf_java/pages/_index.md ./fixtures/furnished/pdf_java/pages/_index.md
#24 DONE 0.1s

#25 [21/28] COPY tests/fixtures/pdf_go/api_surface.json ./fixtures/pdf_go/api_surface.json
#25 DONE 0.1s

#26 [22/28] COPY tests/fixtures/furnished/pdf_go/pages/_index.md ./fixtures/furnished/pdf_go/pages/_index.md
#26 DONE 0.1s

#27 [23/28] COPY tests/fixtures/slides_python/api_surface.json ./fixtures/slides_python/api_surface.json
#27 DONE 0.1s

#28 [24/28] COPY tests/fixtures/furnished/slides_python/pages/_index.md ./fixtures/furnished/slides_python/pages/_index.md
#28 DONE 0.1s

#29 [25/28] COPY tests/fixtures/cells_rust/api_surface.json ./fixtures/cells_rust/api_surface.json
#29 DONE 0.1s

#30 [26/28] COPY tests/fixtures/furnished/cells_rust/pages/_index.md ./fixtures/furnished/cells_rust/pages/_index.md
#30 DONE 0.1s

#31 [27/28] COPY tests/fixtures/pdf_cpp/api_surface.json ./fixtures/pdf_cpp/api_surface.json
#31 DONE 0.1s

#32 [28/28] RUN useradd --create-home --uid 10001 --shell /usr/sbin/nologin foss-mcp     && mkdir -p /data/manifests     && chown -R foss-mcp:foss-mcp /data
#32 DONE 0.4s

#33 exporting to image
#33 exporting layers
#33 exporting layers 24.9s done
#33 exporting manifest sha256:e937c205ca7f880db0aa25b7987a571d3331f4ed2197dfd56bf6b5527eff8c7d 0.0s done
#33 exporting config sha256:102287b44b559ad7690f73ae7336b415c1d257e71dc7561aa2574da7382ce1bb 0.0s done
#33 exporting attestation manifest sha256:02e795ab417ffe27e1f00f433482c1aa95d039bc8a0fb50a872427bccbaa21aa 0.0s done
#33 exporting manifest list sha256:438e2fb1cd62408e615967a53ab052bf96fdf7a0d7adb12ec9538395fb72e359 0.0s done
#33 naming to docker.io/library/foss-mcp-verify:local
#33 naming to docker.io/library/foss-mcp-verify:local done
#33 unpacking to docker.io/library/foss-mcp-verify:local
#33 unpacking to docker.io/library/foss-mcp-verify:local 34.1s done
#33 DONE 59.2s

$ E:\Users\prora\OneDrive\Documents\GitHub\foss-mcp\.gatectl-worktrees\venv-0e0e2e97bf4b28af\Scripts\python.exe -m pytest tests/infra/test_verify_image_offline.py -q "--junitxml=E:\Users\prora\OneDrive\Documents\GitHub\foss-mcp\.gatectl-worktrees\wt-q4nab4ha\.junit-1.xml"
--- stdout ---
...                                                                      [100%]

--- stderr ---


===== CLEAN RUN 2 (host) =====
$ docker build -f Dockerfile.ingestion -t foss-mcp-verify:local .
--- stdout ---

--- stderr ---
#0 building with "desktop-linux" instance using docker driver

#1 [internal] load build definition from Dockerfile.ingestion
#1 transferring dockerfile: 12.01kB 0.0s done
#1 DONE 0.1s

#2 [internal] load metadata for docker.io/library/python:3.13-slim@sha256:b92e6b9bb1ea9d826e9956fd8d30bf18bc384c130231d74fdf0ba3460c290b0b
#2 DONE 0.1s

#3 [internal] load .dockerignore
#3 transferring context: 1.09kB 0.0s done
#3 DONE 0.1s

#4 [ 1/28] FROM docker.io/library/python:3.13-slim@sha256:b92e6b9bb1ea9d826e9956fd8d30bf18bc384c130231d74fdf0ba3460c290b0b
#4 resolve docker.io/library/python:3.13-slim@sha256:b92e6b9bb1ea9d826e9956fd8d30bf18bc384c130231d74fdf0ba3460c290b0b 0.1s done
#4 DONE 0.1s

#5 [internal] load build context
#5 transferring context: 8.28kB 0.0s done
#5 DONE 0.2s

#6 [10/28] RUN python -c "from tree_sitter_language_pack import get_parser as g; names = ('python', 'rust', 'csharp', 'typescript', 'java', 'cpp', 'go'); [g(n) for n in names]; print('baked tree-sitter grammars:', ' '.join(names))"     && chown -R 10001:10001 /opt/tree-sitter-cache     && chmod -R a+rX /opt/tree-sitter-cache
#6 CACHED

#7 [ 6/28] RUN curl -fsSL "https://go.dev/dl/go1.26.4.linux-amd64.tar.gz" -o /tmp/go.tar.gz     && echo "1153d3d50e0ac764b447adfe05c2bcf08e889d42a02e0fe0259bd47f6733ad7f  /tmp/go.tar.gz" | sha256sum -c -     && tar -xzf /tmp/go.tar.gz -C /usr/local     && rm /tmp/go.tar.gz
#7 CACHED

#8 [17/28] COPY tests/fixtures/pdf_typescript/api_surface.json ./fixtures/pdf_typescript/api_surface.json
#8 CACHED

#9 [18/28] COPY tests/fixtures/furnished/pdf_typescript/pages/_index.md ./fixtures/furnished/pdf_typescript/pages/_index.md
#9 CACHED

#10 [26/28] COPY tests/fixtures/furnished/cells_rust/pages/_index.md ./fixtures/furnished/cells_rust/pages/_index.md
#10 CACHED

#11 [16/28] COPY tests/fixtures/furnished/pdf_net/pages/_index.md ./fixtures/furnished/pdf_net/pages/_index.md
#11 CACHED

#12 [19/28] COPY tests/fixtures/pdf_java/api_surface.json ./fixtures/pdf_java/api_surface.json
#12 CACHED

#13 [ 2/28] WORKDIR /app
#13 CACHED

#14 [12/28] COPY config/ ./config/
#14 CACHED

#15 [ 3/28] RUN apt-get update     && apt-get install -y --no-install-recommends git curl ca-certificates     && rm -rf /var/lib/apt/lists/*     && curl -fsSL https://dot.net/v1/dotnet-install.sh -o /tmp/dotnet-install.sh     && chmod +x /tmp/dotnet-install.sh     && /tmp/dotnet-install.sh --channel 8.0 --install-dir /usr/share/dotnet     && rm /tmp/dotnet-install.sh
#15 CACHED

#16 [ 9/28] RUN pip install --no-cache-dir --require-hashes -r requirements.lock
#16 CACHED

#17 [ 8/28] COPY requirements.lock ./requirements.lock
#17 CACHED

#18 [15/28] COPY tests/fixtures/pdf_net/api_surface.json ./fixtures/pdf_net/api_surface.json
#18 CACHED

#19 [ 5/28] RUN apt-get update     && apt-get install -y --no-install-recommends openjdk-21-jdk maven     && rm -rf /var/lib/apt/lists/*
#19 CACHED

#20 [ 4/28] RUN curl -fsSL "https://nodejs.org/dist/v24.13.1/node-v24.13.1-linux-x64.tar.gz" -o /tmp/node.tar.gz     && echo "7ad28fb172a9ab0593f86c1a39e5c268d0d8fc3d6cb0167f455b5655a7a6e2fd  /tmp/node.tar.gz" | sha256sum -c -     && tar -xzf /tmp/node.tar.gz -C /usr/local --strip-components=1     && rm /tmp/node.tar.gz
#20 CACHED

#21 [21/28] COPY tests/fixtures/pdf_go/api_surface.json ./fixtures/pdf_go/api_surface.json
#21 CACHED

#22 [ 7/28] RUN apt-get update     && apt-get install -y --no-install-recommends build-essential     && rm -rf /var/lib/apt/lists/*     && curl --proto '=https' --tlsv1.2 -fsSL https://static.rust-lang.org/rustup/dist/x86_64-unknown-linux-gnu/rustup-init -o /tmp/rustup-init     && echo "dda7234360b7f578ca8b0ddcb80145646fa61a67c1720a5abc7051b35c9fcb71  /tmp/rustup-init" | sha256sum -c -     && chmod +x /tmp/rustup-init     && /tmp/rustup-init -y --profile minimal --default-toolchain "1.98.1" --no-modify-path     && rm /tmp/rustup-init     && chmod -R a+w "/usr/local/rustup" "/usr/local/cargo"
#22 CACHED

#23 [11/28] COPY src/ ./src/
#23 CACHED

#24 [14/28] COPY infra/build_chunks.py ./infra/build_chunks.py
#24 CACHED

#25 [22/28] COPY tests/fixtures/furnished/pdf_go/pages/_index.md ./fixtures/furnished/pdf_go/pages/_index.md
#25 CACHED

#26 [20/28] COPY tests/fixtures/furnished/pdf_java/pages/_index.md ./fixtures/furnished/pdf_java/pages/_index.md
#26 CACHED

#27 [13/28] COPY infra/ingest.py ./infra/ingest.py
#27 CACHED

#28 [25/28] COPY tests/fixtures/cells_rust/api_surface.json ./fixtures/cells_rust/api_surface.json
#28 CACHED

#29 [23/28] COPY tests/fixtures/slides_python/api_surface.json ./fixtures/slides_python/api_surface.json
#29 CACHED

#30 [27/28] COPY tests/fixtures/pdf_cpp/api_surface.json ./fixtures/pdf_cpp/api_surface.json
#30 CACHED

#31 [24/28] COPY tests/fixtures/furnished/slides_python/pages/_index.md ./fixtures/furnished/slides_python/pages/_index.md
#31 CACHED

#32 [28/28] RUN useradd --create-home --uid 10001 --shell /usr/sbin/nologin foss-mcp     && mkdir -p /data/manifests     && chown -R foss-mcp:foss-mcp /data
#32 CACHED

#33 exporting to image
#33 exporting layers 0.0s done
#33 exporting manifest sha256:e937c205ca7f880db0aa25b7987a571d3331f4ed2197dfd56bf6b5527eff8c7d done
#33 exporting config sha256:102287b44b559ad7690f73ae7336b415c1d257e71dc7561aa2574da7382ce1bb done
#33 exporting attestation manifest sha256:15cc077447a1d8db0dba3c21bd498e8add2f6460cf7e7d0809d4f08e6c3d2237
#33 exporting attestation manifest sha256:15cc077447a1d8db0dba3c21bd498e8add2f6460cf7e7d0809d4f08e6c3d2237 0.0s done
#33 exporting manifest list sha256:4bf88076078cf541d64cd0e46480bc12455dce68163cec9d56e6bc8167ceb510 0.0s done
#33 naming to docker.io/library/foss-mcp-verify:local done
#33 unpacking to docker.io/library/foss-mcp-verify:local 0.0s done
#33 DONE 0.4s

$ E:\Users\prora\OneDrive\Documents\GitHub\foss-mcp\.gatectl-worktrees\venv-0e0e2e97bf4b28af\Scripts\python.exe -m pytest tests/infra/test_verify_image_offline.py -q "--junitxml=E:\Users\prora\OneDrive\Documents\GitHub\foss-mcp\.gatectl-worktrees\wt-q4nab4ha\.junit-1.xml"
--- stdout ---
...                                                                      [100%]

--- stderr ---


===== NEGATIVE CONTROL (checks MUST now fail) =====
mutated: M Dockerfile.ingestion, ?? .junit-1.xml
$ docker build -f Dockerfile.ingestion -t foss-mcp-verify:local .
--- stdout ---

--- stderr ---
#0 building with "desktop-linux" instance using docker driver

#1 [internal] load build definition from Dockerfile.ingestion
#1 transferring dockerfile: 12.20kB 0.0s done
#1 DONE 0.0s

#2 [internal] load metadata for docker.io/library/python:3.13-slim@sha256:b92e6b9bb1ea9d826e9956fd8d30bf18bc384c130231d74fdf0ba3460c290b0b
#2 DONE 0.0s

#3 [internal] load .dockerignore
#3 transferring context: 1.09kB done
#3 DONE 0.0s

#4 [ 1/28] FROM docker.io/library/python:3.13-slim@sha256:b92e6b9bb1ea9d826e9956fd8d30bf18bc384c130231d74fdf0ba3460c290b0b
#4 resolve docker.io/library/python:3.13-slim@sha256:b92e6b9bb1ea9d826e9956fd8d30bf18bc384c130231d74fdf0ba3460c290b0b 0.0s done
#4 DONE 0.0s

#5 [internal] load build context
#5 transferring context: 8.28kB 0.0s done
#5 DONE 0.0s

#6 [ 2/28] WORKDIR /app
#6 CACHED

#7 [ 3/28] RUN apt-get update     && apt-get install -y --no-install-recommends git curl ca-certificates     && rm -rf /var/lib/apt/lists/*     && curl -fsSL https://dot.net/v1/dotnet-install.sh -o /tmp/dotnet-install.sh     && chmod +x /tmp/dotnet-install.sh     && /tmp/dotnet-install.sh --channel 8.0 --install-dir /usr/share/dotnet     && rm /tmp/dotnet-install.sh
#7 CACHED

#8 [ 4/28] RUN curl -fsSL "https://nodejs.org/dist/v24.13.1/node-v24.13.1-linux-x64.tar.gz" -o /tmp/node.tar.gz     && echo "7ad28fb172a9ab0593f86c1a39e5c268d0d8fc3d6cb0167f455b5655a7a6e2fd  /tmp/node.tar.gz" | sha256sum -c -     && tar -xzf /tmp/node.tar.gz -C /usr/local --strip-components=1     && rm /tmp/node.tar.gz
#8 CACHED

#9 [ 6/28] RUN curl -fsSL "https://go.dev/dl/go1.26.4.linux-amd64.tar.gz" -o /tmp/go.tar.gz     && echo "1153d3d50e0ac764b447adfe05c2bcf08e889d42a02e0fe0259bd47f6733ad7f  /tmp/go.tar.gz" | sha256sum -c -     && tar -xzf /tmp/go.tar.gz -C /usr/local     && rm /tmp/go.tar.gz
#9 CACHED

#10 [ 8/28] COPY requirements.lock ./requirements.lock
#10 CACHED

#11 [ 7/28] RUN apt-get update     && apt-get install -y --no-install-recommends build-essential     && rm -rf /var/lib/apt/lists/*     && curl --proto '=https' --tlsv1.2 -fsSL https://static.rust-lang.org/rustup/dist/x86_64-unknown-linux-gnu/rustup-init -o /tmp/rustup-init     && echo "dda7234360b7f578ca8b0ddcb80145646fa61a67c1720a5abc7051b35c9fcb71  /tmp/rustup-init" | sha256sum -c -     && chmod +x /tmp/rustup-init     && /tmp/rustup-init -y --profile minimal --default-toolchain "1.98.1" --no-modify-path     && rm /tmp/rustup-init     && chmod -R a+w "/usr/local/rustup" "/usr/local/cargo"
#11 CACHED

#12 [ 5/28] RUN apt-get update     && apt-get install -y --no-install-recommends openjdk-21-jdk maven     && rm -rf /var/lib/apt/lists/*
#12 CACHED

#13 [ 9/28] RUN pip install --no-cache-dir --require-hashes -r requirements.lock
#13 CACHED

#14 [10/28] RUN python -c "from tree_sitter_language_pack_OFF import get_parser as g; names = ('python', 'rust', 'csharp', 'typescript', 'java', 'cpp', 'go'); [g(n) for n in names]; print('baked tree-sitter grammars:', ' '.join(names))"     && chown -R 10001:10001 /opt/tree-sitter-cache     && chmod -R a+rX /opt/tree-sitter-cache
#14 0.331 Traceback (most recent call last):
#14 0.336   File "<string>", line 1, in <module>
#14 0.336     from tree_sitter_language_pack_OFF import get_parser as g; names = ('python', 'rust', 'csharp', 'typescript', 'java', 'cpp', 'go'); [g(n) for n in names]; print('baked tree-sitter grammars:', ' '.join(names))
#14 0.336     ^^^^^^^^^^^^^^^^^^^^^^^^^^^^^^^^^^^^^^^^^^^^^^^^^^^^^^^^^
#14 0.336 ModuleNotFoundError: No module named 'tree_sitter_language_pack_OFF'
#14 ERROR: process "/bin/sh -c python -c \"from tree_sitter_language_pack_OFF import get_parser as g; names = ('python', 'rust', 'csharp', 'typescript', 'java', 'cpp', 'go'); [g(n) for n in names]; print('baked tree-sitter grammars:', ' '.join(names))\"     && chown -R 10001:10001 /opt/tree-sitter-cache     && chmod -R a+rX /opt/tree-sitter-cache" did not complete successfully: exit code: 1
------
 > [10/28] RUN python -c "from tree_sitter_language_pack_OFF import get_parser as g; names = ('python', 'rust', 'csharp', 'typescript', 'java', 'cpp', 'go'); [g(n) for n in names]; print('baked tree-sitter grammars:', ' '.join(names))"     && chown -R 10001:10001 /opt/tree-sitter-cache     && chmod -R a+rX /opt/tree-sitter-cache:
0.331 Traceback (most recent call last):
0.336   File "<string>", line 1, in <module>
0.336     from tree_sitter_language_pack_OFF import get_parser as g; names = ('python', 'rust', 'csharp', 'typescript', 'java', 'cpp', 'go'); [g(n) for n in names]; print('baked tree-sitter grammars:', ' '.join(names))
0.336     ^^^^^^^^^^^^^^^^^^^^^^^^^^^^^^^^^^^^^^^^^^^^^^^^^^^^^^^^^
0.336 ModuleNotFoundError: No module named 'tree_sitter_language_pack_OFF'
------
Dockerfile.ingestion:126
--------------------
 125 |     ENV TREE_SITTER_LANGUAGE_PACK_CACHE_DIR=/opt/tree-sitter-cache
 126 | >>> RUN python -c "from tree_sitter_language_pack_OFF import get_parser as g; names = ('python', 'rust', 'csharp', 'typescript', 'java', 'cpp', 'go'); [g(n) for n in names]; print('baked tree-sitter grammars:', ' '.join(names))" \
 127 | >>>     && chown -R 10001:10001 /opt/tree-sitter-cache \
 128 | >>>     && chmod -R a+rX /opt/tree-sitter-cache
 129 |     
--------------------
ERROR: failed to build: failed to solve: process "/bin/sh -c python -c \"from tree_sitter_language_pack_OFF import get_parser as g; names = ('python', 'rust', 'csharp', 'typescript', 'java', 'cpp', 'go'); [g(n) for n in names]; print('baked tree-sitter grammars:', ' '.join(names))\"     && chown -R 10001:10001 /opt/tree-sitter-cache     && chmod -R a+rX /opt/tree-sitter-cache" did not complete successfully: exit code: 1

$ E:\Users\prora\OneDrive\Documents\GitHub\foss-mcp\.gatectl-worktrees\venv-0e0e2e97bf4b28af\Scripts\python.exe -m pytest tests/infra/test_verify_image_offline.py -q "--junitxml=E:\Users\prora\OneDrive\Documents\GitHub\foss-mcp\.gatectl-worktrees\wt-q4nab4ha\.junit-1.xml"
--- stdout ---
EEE                                                                      [100%]
=================================== ERRORS ====================================
_ ERROR at setup of test_java_snippet_parses_offline_into_a_class_declaration _

    @pytest.fixture(scope="module")
    def verify_image() -> str:
        result = subprocess.run(
            ["docker", "build", "-f", "Dockerfile.ingestion", "-t", IMAGE, "."],
            cwd=REPO_ROOT,
            capture_output=True,
            text=True,
            encoding="utf-8",
            errors="replace",
            timeout=3000,
        )
>       assert result.returncode == 0, (result.stdout + result.stderr)[-6000:]
E       AssertionError: #0 building with "desktop-linux" instance using docker driver
E         
E         #1 [internal] load build definition from Dockerfile.ingestion
E         #1 transferring dockerfile: 12.20kB done
E         #1 DONE 0.0s
E         
E         #2 [internal] load metadata for docker.io/library/python:3.13-slim@sha256:b92e6b9bb1ea9d826e9956fd8d30bf18bc384c130231d74fdf0ba3460c290b0b
E         #2 DONE 0.0s
E         
E         #3 [internal] load .dockerignore
E         #3 transferring context: 1.09kB done
E         #3 DONE 0.0s
E         
E         #4 [internal] load build context
E         #4 DONE 0.0s
E         
E         #5 [ 1/28] FROM docker.io/library/python:3.13-slim@sha256:b92e6b9bb1ea9d826e9956fd8d30bf18bc384c130231d74fdf0ba3460c290b0b
E         #5 resolve docker.io/library/python:3.13-slim@sha256:b92e6b9bb1ea9d826e9956fd8d30bf18bc384c130231d74fdf0ba3460c290b0b 0.1s done
E         #5 DONE 0.1s
E         
E         #5 [ 1/28] FROM docker.io/library/python:3.13-slim@sha256:b92e6b9bb1ea9d826e9956fd8d30bf18bc384c130231d74fdf0ba3460c290b0b
E         #5 DONE 0.1s
E         
E         #4 [internal] load build context
E         #4 transferring context: 8.28kB 0.0s done
E         #4 DONE 0.0s
E         
E         #6 [ 5/28] RUN apt-get update     && apt-get install -y --no-install-recommends openjdk-21-jdk maven     && rm -rf /var/lib/apt/lists/*
E         #6 CACHED
E         
E         #7 [ 7/28] RUN apt-get update     && apt-get install -y --no-install-recommends build-essential     && rm -rf /var/lib/apt/lists/*     && curl --proto '=https' --tlsv1.2 -fsSL https://static.rust-lang.org/rustup/dist/x86_64-unknown-linux-gnu/rustup-init -o /tmp/rustup-init     && echo "dda7234360b7f578ca8b0ddcb80145646fa61a67c1720a5abc7051b35c9fcb71  /tmp/rustup-init" | sha256sum -c -     && chmod +x /tmp/rustup-init     && /tmp/rustup-init -y --profile minimal --default-toolchain "1.98.1" --no-modify-path     && rm /tmp/rustup-init     && chmod -R a+w "/usr/local/rustup" "/usr/local/cargo"
E         #7 CACHED
E         
E         #8 [ 3/28] RUN apt-get update     && apt-get install -y --no-install-recommends git curl ca-certificates     && rm -rf /var/lib/apt/lists/*     && curl -fsSL https://dot.net/v1/dotnet-install.sh -o /tmp/dotnet-install.sh     && chmod +x /tmp/dotnet-install.sh     && /tmp/dotnet-install.sh --channel 8.0 --install-dir /usr/share/dotnet     && rm /tmp/dotnet-install.sh
E         #8 CACHED
E         
E         #9 [ 8/28] COPY requirements.lock ./requirements.lock
E         #9 CACHED
E         
E         #10 [ 4/28] RUN curl -fsSL "https://nodejs.org/dist/v24.13.1/node-v24.13.1-linux-x64.tar.gz" -o /tmp/node.tar.gz     && echo "7ad28fb172a9ab0593f86c1a39e5c268d0d8fc3d6cb0167f455b5655a7a6e2fd  /tmp/node.tar.gz" | sha256sum -c -     && tar -xzf /tmp/node.tar.gz -C /usr/local --strip-components=1     && rm /tmp/node.tar.gz
E         #10 CACHED
E         
E         #11 [ 6/28] RUN curl -fsSL "https://go.dev/dl/go1.26.4.linux-amd64.tar.gz" -o /tmp/go.tar.gz     && echo "1153d3d50e0ac764b447adfe05c2bcf08e889d42a02e0fe0259bd47f6733ad7f  /tmp/go.tar.gz" | sha256sum -c -     && tar -xzf /tmp/go.tar.gz -C /usr/local     && rm /tmp/go.tar.gz
E         #11 CACHED
E         
E         #12 [ 2/28] WORKDIR /app
E         #12 CACHED
E         
E         #13 [ 9/28] RUN pip install --no-cache-dir --require-hashes -r requirements.lock
E         #13 CACHED
E         
E         #14 [10/28] RUN python -c "from tree_sitter_language_pack_OFF import get_parser as g; names = ('python', 'rust', 'csharp', 'typescript', 'java', 'cpp', 'go'); [g(n) for n in names]; print('baked tree-sitter grammars:', ' '.join(names))"     && chown -R 10001:10001 /opt/tree-sitter-cache     && chmod -R a+rX /opt/tree-sitter-cache
E         #14 0.361 Traceback (most recent call last):
E         #14 0.365   File "<string>", line 1, in <module>
E         #14 0.365     from tree_sitter_language_pack_OFF import get_parser as g; names = ('python', 'rust', 'csharp', 'typescript', 'java', 'cpp', 'go'); [g(n) for n in names]; print('baked tree-sitter grammars:', ' '.join(names))
E         #14 0.365     ^^^^^^^^^^^^^^^^^^^^^^^^^^^^^^^^^^^^^^^^^^^^^^^^^^^^^^^^^
E         #14 0.365 ModuleNotFoundError: No module named 'tree_sitter_language_pack_OFF'
E         #14 ERROR: process "/bin/sh -c python -c \"from tree_sitter_language_pack_OFF import get_parser as g; names = ('python', 'rust', 'csharp', 'typescript', 'java', 'cpp', 'go'); [g(n) for n in names]; print('baked tree-sitter grammars:', ' '.join(names))\"     && chown -R 10001:10001 /opt/tree-sitter-cache     && chmod -R a+rX /opt/tree-sitter-cache" did not complete successfully: exit code: 1
E         ------
E          > [10/28] RUN python -c "from tree_sitter_language_pack_OFF import get_parser as g; names = ('python', 'rust', 'csharp', 'typescript', 'java', 'cpp', 'go'); [g(n) for n in names]; print('baked tree-sitter grammars:', ' '.join(names))"     && chown -R 10001:10001 /opt/tree-sitter-cache     && chmod -R a+rX /opt/tree-sitter-cache:
E         0.361 Traceback (most recent call last):
E         0.365   File "<string>", line 1, in <module>
E         0.365     from tree_sitter_language_pack_OFF import get_parser as g; names = ('python', 'rust', 'csharp', 'typescript', 'java', 'cpp', 'go'); [g(n) for n in names]; print('baked tree-sitter grammars:', ' '.join(names))
E         0.365     ^^^^^^^^^^^^^^^^^^^^^^^^^^^^^^^^^^^^^^^^^^^^^^^^^^^^^^^^^
E         0.365 ModuleNotFoundError: No module named 'tree_sitter_language_pack_OFF'
E         ------
E         Dockerfile.ingestion:126
E         --------------------
E          125 |     ENV TREE_SITTER_LANGUAGE_PACK_CACHE_DIR=/opt/tree-sitter-cache
E          126 | >>> RUN python -c "from tree_sitter_language_pack_OFF import get_parser as g; names = ('python', 'rust', 'csharp', 'typescript', 'java', 'cpp', 'go'); [g(n) for n in names]; print('baked tree-sitter grammars:', ' '.join(names))" \
E          127 | >>>     && chown -R 10001:10001 /opt/tree-sitter-cache \
E          128 | >>>     && chmod -R a+rX /opt/tree-sitter-cache
E          129 |     
E         --------------------
E         ERROR: failed to build: failed to solve: process "/bin/sh -c python -c \"from tree_sitter_language_pack_OFF import get_parser as g; names = ('python', 'rust', 'csharp', 'typescript', 'java', 'cpp', 'go'); [g(n) for n in names]; print('baked tree-sitter grammars:', ' '.join(names))\"     && chown -R 10001:10001 /opt/tree-sitter-cache     && chmod -R a+rX /opt/tree-sitter-cache" did not complete successfully: exit code: 1
E         
E       assert 1 == 0
E        +  where 1 = CompletedProcess(args=['docker', 'build', '-f', 'Dockerfile.ingestion', '-t', 'foss-mcp-verify:local', '.'], returncod...001 /opt/tree-sitter-cache     && chmod -R a+rX /opt/tree-sitter-cache" did not complete successfully: exit code: 1\n').returncode

tests\infra\test_verify_image_offline.py:47: AssertionError
_ ERROR at setup of test_python_snippet_parses_offline_into_a_function_definition _

    @pytest.fixture(scope="module")
    def verify_image() -> str:
        result = subprocess.run(
            ["docker", "build", "-f", "Dockerfile.ingestion", "-t", IMAGE, "."],
            cwd=REPO_ROOT,
            capture_output=True,
            text=True,
            encoding="utf-8",
            errors="replace",
            timeout=3000,
        )
>       assert result.returncode == 0, (result.stdout + result.stderr)[-6000:]
E       AssertionError: #0 building with "desktop-linux" instance using docker driver
E         
E         #1 [internal] load build definition from Dockerfile.ingestion
E         #1 transferring dockerfile: 12.20kB done
E         #1 DONE 0.0s
E         
E         #2 [internal] load metadata for docker.io/library/python:3.13-slim@sha256:b92e6b9bb1ea9d826e9956fd8d30bf18bc384c130231d74fdf0ba3460c290b0b
E         #2 DONE 0.0s
E         
E         #3 [internal] load .dockerignore
E         #3 transferring context: 1.09kB done
E         #3 DONE 0.0s
E         
E         #4 [internal] load build context
E         #4 DONE 0.0s
E         
E         #5 [ 1/28] FROM docker.io/library/python:3.13-slim@sha256:b92e6b9bb1ea9d826e9956fd8d30bf18bc384c130231d74fdf0ba3460c290b0b
E         #5 resolve docker.io/library/python:3.13-slim@sha256:b92e6b9bb1ea9d826e9956fd8d30bf18bc384c130231d74fdf0ba3460c290b0b 0.1s done
E         #5 DONE 0.1s
E         
E         #5 [ 1/28] FROM docker.io/library/python:3.13-slim@sha256:b92e6b9bb1ea9d826e9956fd8d30bf18bc384c130231d74fdf0ba3460c290b0b
E         #5 DONE 0.1s
E         
E         #4 [internal] load build context
E         #4 transferring context: 8.28kB 0.0s done
E         #4 DONE 0.0s
E         
E         #6 [ 5/28] RUN apt-get update     && apt-get install -y --no-install-recommends openjdk-21-jdk maven     && rm -rf /var/lib/apt/lists/*
E         #6 CACHED
E         
E         #7 [ 7/28] RUN apt-get update     && apt-get install -y --no-install-recommends build-essential     && rm -rf /var/lib/apt/lists/*     && curl --proto '=https' --tlsv1.2 -fsSL https://static.rust-lang.org/rustup/dist/x86_64-unknown-linux-gnu/rustup-init -o /tmp/rustup-init     && echo "dda7234360b7f578ca8b0ddcb80145646fa61a67c1720a5abc7051b35c9fcb71  /tmp/rustup-init" | sha256sum -c -     && chmod +x /tmp/rustup-init     && /tmp/rustup-init -y --profile minimal --default-toolchain "1.98.1" --no-modify-path     && rm /tmp/rustup-init     && chmod -R a+w "/usr/local/rustup" "/usr/local/cargo"
E         #7 CACHED
E         
E         #8 [ 3/28] RUN apt-get update     && apt-get install -y --no-install-recommends git curl ca-certificates     && rm -rf /var/lib/apt/lists/*     && curl -fsSL https://dot.net/v1/dotnet-install.sh -o /tmp/dotnet-install.sh     && chmod +x /tmp/dotnet-install.sh     && /tmp/dotnet-install.sh --channel 8.0 --install-dir /usr/share/dotnet     && rm /tmp/dotnet-install.sh
E         #8 CACHED
E         
E         #9 [ 8/28] COPY requirements.lock ./requirements.lock
E         #9 CACHED
E         
E         #10 [ 4/28] RUN curl -fsSL "https://nodejs.org/dist/v24.13.1/node-v24.13.1-linux-x64.tar.gz" -o /tmp/node.tar.gz     && echo "7ad28fb172a9ab0593f86c1a39e5c268d0d8fc3d6cb0167f455b5655a7a6e2fd  /tmp/node.tar.gz" | sha256sum -c -     && tar -xzf /tmp/node.tar.gz -C /usr/local --strip-components=1     && rm /tmp/node.tar.gz
E         #10 CACHED
E         
E         #11 [ 6/28] RUN curl -fsSL "https://go.dev/dl/go1.26.4.linux-amd64.tar.gz" -o /tmp/go.tar.gz     && echo "1153d3d50e0ac764b447adfe05c2bcf08e889d42a02e0fe0259bd47f6733ad7f  /tmp/go.tar.gz" | sha256sum -c -     && tar -xzf /tmp/go.tar.gz -C /usr/local     && rm /tmp/go.tar.gz
E         #11 CACHED
E         
E         #12 [ 2/28] WORKDIR /app
E         #12 CACHED
E         
E         #13 [ 9/28] RUN pip install --no-cache-dir --require-hashes -r requirements.lock
E         #13 CACHED
E         
E         #14 [10/28] RUN python -c "from tree_sitter_language_pack_OFF import get_parser as g; names = ('python', 'rust', 'csharp', 'typescript', 'java', 'cpp', 'go'); [g(n) for n in names]; print('baked tree-sitter grammars:', ' '.join(names))"     && chown -R 10001:10001 /opt/tree-sitter-cache     && chmod -R a+rX /opt/tree-sitter-cache
E         #14 0.361 Traceback (most recent call last):
E         #14 0.365   File "<string>", line 1, in <module>
E         #14 0.365     from tree_sitter_language_pack_OFF import get_parser as g; names = ('python', 'rust', 'csharp', 'typescript', 'java', 'cpp', 'go'); [g(n) for n in names]; print('baked tree-sitter grammars:', ' '.join(names))
E         #14 0.365     ^^^^^^^^^^^^^^^^^^^^^^^^^^^^^^^^^^^^^^^^^^^^^^^^^^^^^^^^^
E         #14 0.365 ModuleNotFoundError: No module named 'tree_sitter_language_pack_OFF'
E         #14 ERROR: process "/bin/sh -c python -c \"from tree_sitter_language_pack_OFF import get_parser as g; names = ('python', 'rust', 'csharp', 'typescript', 'java', 'cpp', 'go'); [g(n) for n in names]; print('baked tree-sitter grammars:', ' '.join(names))\"     && chown -R 10001:10001 /opt/tree-sitter-cache     && chmod -R a+rX /opt/tree-sitter-cache" did not complete successfully: exit code: 1
E         ------
E          > [10/28] RUN python -c "from tree_sitter_language_pack_OFF import get_parser as g; names = ('python', 'rust', 'csharp', 'typescript', 'java', 'cpp', 'go'); [g(n) for n in names]; print('baked tree-sitter grammars:', ' '.join(names))"     && chown -R 10001:10001 /opt/tree-sitter-cache     && chmod -R a+rX /opt/tree-sitter-cache:
E         0.361 Traceback (most recent call last):
E         0.365   File "<string>", line 1, in <module>
E         0.365     from tree_sitter_language_pack_OFF import get_parser as g; names = ('python', 'rust', 'csharp', 'typescript', 'java', 'cpp', 'go'); [g(n) for n in names]; print('baked tree-sitter grammars:', ' '.join(names))
E         0.365     ^^^^^^^^^^^^^^^^^^^^^^^^^^^^^^^^^^^^^^^^^^^^^^^^^^^^^^^^^
E         0.365 ModuleNotFoundError: No module named 'tree_sitter_language_pack_OFF'
E         ------
E         Dockerfile.ingestion:126
E         --------------------
E          125 |     ENV TREE_SITTER_LANGUAGE_PACK_CACHE_DIR=/opt/tree-sitter-cache
E          126 | >>> RUN python -c "from tree_sitter_language_pack_OFF import get_parser as g; names = ('python', 'rust', 'csharp', 'typescript', 'java', 'cpp', 'go'); [g(n) for n in names]; print('baked tree-sitter grammars:', ' '.join(names))" \
E          127 | >>>     && chown -R 10001:10001 /opt/tree-sitter-cache \
E          128 | >>>     && chmod -R a+rX /opt/tree-sitter-cache
E          129 |     
E         --------------------
E         ERROR: failed to build: failed to solve: process "/bin/sh -c python -c \"from tree_sitter_language_pack_OFF import get_parser as g; names = ('python', 'rust', 'csharp', 'typescript', 'java', 'cpp', 'go'); [g(n) for n in names]; print('baked tree-sitter grammars:', ' '.join(names))\"     && chown -R 10001:10001 /opt/tree-sitter-cache     && chmod -R a+rX /opt/tree-sitter-cache" did not complete successfully: exit code: 1
E         
E       assert 1 == 0
E        +  where 1 = CompletedProcess(args=['docker', 'build', '-f', 'Dockerfile.ingestion', '-t', 'foss-mcp-verify:local', '.'], returncod...001 /opt/tree-sitter-cache     && chmod -R a+rX /opt/tree-sitter-cache" did not complete successfully: exit code: 1\n').returncode

tests\infra\test_verify_image_offline.py:47: AssertionError
_________ ERROR at setup of test_every_engine_language_loads_offline __________

    @pytest.fixture(scope="module")
    def verify_image() -> str:
        result = subprocess.run(
            ["docker", "build", "-f", "Dockerfile.ingestion", "-t", IMAGE, "."],
            cwd=REPO_ROOT,
            capture_output=True,
            text=True,
            encoding="utf-8",
            errors="replace",
            timeout=3000,
        )
>       assert result.returncode == 0, (result.stdout + result.stderr)[-6000:]
E       AssertionError: #0 building with "desktop-linux" instance using docker driver
E         
E         #1 [internal] load build definition from Dockerfile.ingestion
E         #1 transferring dockerfile: 12.20kB done
E         #1 DONE 0.0s
E         
E         #2 [internal] load metadata for docker.io/library/python:3.13-slim@sha256:b92e6b9bb1ea9d826e9956fd8d30bf18bc384c130231d74fdf0ba3460c290b0b
E         #2 DONE 0.0s
E         
E         #3 [internal] load .dockerignore
E         #3 transferring context: 1.09kB done
E         #3 DONE 0.0s
E         
E         #4 [internal] load build context
E         #4 DONE 0.0s
E         
E         #5 [ 1/28] FROM docker.io/library/python:3.13-slim@sha256:b92e6b9bb1ea9d826e9956fd8d30bf18bc384c130231d74fdf0ba3460c290b0b
E         #5 resolve docker.io/library/python:3.13-slim@sha256:b92e6b9bb1ea9d826e9956fd8d30bf18bc384c130231d74fdf0ba3460c290b0b 0.1s done
E         #5 DONE 0.1s
E         
E         #5 [ 1/28] FROM docker.io/library/python:3.13-slim@sha256:b92e6b9bb1ea9d826e9956fd8d30bf18bc384c130231d74fdf0ba3460c290b0b
E         #5 DONE 0.1s
E         
E         #4 [internal] load build context
E         #4 transferring context: 8.28kB 0.0s done
E         #4 DONE 0.0s
E         
E         #6 [ 5/28] RUN apt-get update     && apt-get install -y --no-install-recommends openjdk-21-jdk maven     && rm -rf /var/lib/apt/lists/*
E         #6 CACHED
E         
E         #7 [ 7/28] RUN apt-get update     && apt-get install -y --no-install-recommends build-essential     && rm -rf /var/lib/apt/lists/*     && curl --proto '=https' --tlsv1.2 -fsSL https://static.rust-lang.org/rustup/dist/x86_64-unknown-linux-gnu/rustup-init -o /tmp/rustup-init     && echo "dda7234360b7f578ca8b0ddcb80145646fa61a67c1720a5abc7051b35c9fcb71  /tmp/rustup-init" | sha256sum -c -     && chmod +x /tmp/rustup-init     && /tmp/rustup-init -y --profile minimal --default-toolchain "1.98.1" --no-modify-path     && rm /tmp/rustup-init     && chmod -R a+w "/usr/local/rustup" "/usr/local/cargo"
E         #7 CACHED
E         
E         #8 [ 3/28] RUN apt-get update     && apt-get install -y --no-install-recommends git curl ca-certificates     && rm -rf /var/lib/apt/lists/*     && curl -fsSL https://dot.net/v1/dotnet-install.sh -o /tmp/dotnet-install.sh     && chmod +x /tmp/dotnet-install.sh     && /tmp/dotnet-install.sh --channel 8.0 --install-dir /usr/share/dotnet     && rm /tmp/dotnet-install.sh
E         #8 CACHED
E         
E         #9 [ 8/28] COPY requirements.lock ./requirements.lock
E         #9 CACHED
E         
E         #10 [ 4/28] RUN curl -fsSL "https://nodejs.org/dist/v24.13.1/node-v24.13.1-linux-x64.tar.gz" -o /tmp/node.tar.gz     && echo "7ad28fb172a9ab0593f86c1a39e5c268d0d8fc3d6cb0167f455b5655a7a6e2fd  /tmp/node.tar.gz" | sha256sum -c -     && tar -xzf /tmp/node.tar.gz -C /usr/local --strip-components=1     && rm /tmp/node.tar.gz
E         #10 CACHED
E         
E         #11 [ 6/28] RUN curl -fsSL "https://go.dev/dl/go1.26.4.linux-amd64.tar.gz" -o /tmp/go.tar.gz     && echo "1153d3d50e0ac764b447adfe05c2bcf08e889d42a02e0fe0259bd47f6733ad7f  /tmp/go.tar.gz" | sha256sum -c -     && tar -xzf /tmp/go.tar.gz -C /usr/local     && rm /tmp/go.tar.gz
E         #11 CACHED
E         
E         #12 [ 2/28] WORKDIR /app
E         #12 CACHED
E         
E         #13 [ 9/28] RUN pip install --no-cache-dir --require-hashes -r requirements.lock
E         #13 CACHED
E         
E         #14 [10/28] RUN python -c "from tree_sitter_language_pack_OFF import get_parser as g; names = ('python', 'rust', 'csharp', 'typescript', 'java', 'cpp', 'go'); [g(n) for n in names]; print('baked tree-sitter grammars:', ' '.join(names))"     && chown -R 10001:10001 /opt/tree-sitter-cache     && chmod -R a+rX /opt/tree-sitter-cache
E         #14 0.361 Traceback (most recent call last):
E         #14 0.365   File "<string>", line 1, in <module>
E         #14 0.365     from tree_sitter_language_pack_OFF import get_parser as g; names = ('python', 'rust', 'csharp', 'typescript', 'java', 'cpp', 'go'); [g(n) for n in names]; print('baked tree-sitter grammars:', ' '.join(names))
E         #14 0.365     ^^^^^^^^^^^^^^^^^^^^^^^^^^^^^^^^^^^^^^^^^^^^^^^^^^^^^^^^^
E         #14 0.365 ModuleNotFoundError: No module named 'tree_sitter_language_pack_OFF'
E         #14 ERROR: process "/bin/sh -c python -c \"from tree_sitter_language_pack_OFF import get_parser as g; names = ('python', 'rust', 'csharp', 'typescript', 'java', 'cpp', 'go'); [g(n) for n in names]; print('baked tree-sitter grammars:', ' '.join(names))\"     && chown -R 10001:10001 /opt/tree-sitter-cache     && chmod -R a+rX /opt/tree-sitter-cache" did not complete successfully: exit code: 1
E         ------
E          > [10/28] RUN python -c "from tree_sitter_language_pack_OFF import get_parser as g; names = ('python', 'rust', 'csharp', 'typescript', 'java', 'cpp', 'go'); [g(n) for n in names]; print('baked tree-sitter grammars:', ' '.join(names))"     && chown -R 10001:10001 /opt/tree-sitter-cache     && chmod -R a+rX /opt/tree-sitter-cache:
E         0.361 Traceback (most recent call last):
E         0.365   File "<string>", line 1, in <module>
E         0.365     from tree_sitter_language_pack_OFF import get_parser as g; names = ('python', 'rust', 'csharp', 'typescript', 'java', 'cpp', 'go'); [g(n) for n in names]; print('baked tree-sitter grammars:', ' '.join(names))
E         0.365     ^^^^^^^^^^^^^^^^^^^^^^^^^^^^^^^^^^^^^^^^^^^^^^^^^^^^^^^^^
E         0.365 ModuleNotFoundError: No module named 'tree_sitter_language_pack_OFF'
E         ------
E         Dockerfile.ingestion:126
E         --------------------
E          125 |     ENV TREE_SITTER_LANGUAGE_PACK_CACHE_DIR=/opt/tree-sitter-cache
E          126 | >>> RUN python -c "from tree_sitter_language_pack_OFF import get_parser as g; names = ('python', 'rust', 'csharp', 'typescript', 'java', 'cpp', 'go'); [g(n) for n in names]; print('baked tree-sitter grammars:', ' '.join(names))" \
E          127 | >>>     && chown -R 10001:10001 /opt/tree-sitter-cache \
E          128 | >>>     && chmod -R a+rX /opt/tree-sitter-cache
E          129 |     
E         --------------------
E         ERROR: failed to build: failed to solve: process "/bin/sh -c python -c \"from tree_sitter_language_pack_OFF import get_parser as g; names = ('python', 'rust', 'csharp', 'typescript', 'java', 'cpp', 'go'); [g(n) for n in names]; print('baked tree-sitter grammars:', ' '.join(names))\"     && chown -R 10001:10001 /opt/tree-sitter-cache     && chmod -R a+rX /opt/tree-sitter-cache" did not complete successfully: exit code: 1
E         
E       assert 1 == 0
E        +  where 1 = CompletedProcess(args=['docker', 'build', '-f', 'Dockerfile.ingestion', '-t', 'foss-mcp-verify:local', '.'], returncod...001 /opt/tree-sitter-cache     && chmod -R a+rX /opt/tree-sitter-cache" did not complete successfully: exit code: 1\n').returncode

tests\infra\test_verify_image_offline.py:47: AssertionError
=========================== short test summary info ===========================
ERROR tests/infra/test_verify_image_offline.py::test_java_snippet_parses_offline_into_a_class_declaration
ERROR tests/infra/test_verify_image_offline.py::test_python_snippet_parses_offline_into_a_function_definition
ERROR tests/infra/test_verify_image_offline.py::test_every_engine_language_loads_offline

--- stderr ---

